PUBCHEM_RESULT_TAG,PUBCHEM_SID,PUBCHEM_CID,PUBCHEM_EXT_DATASOURCE_SMILES,PUBCHEM_ACTIVITY_OUTCOME,PUBCHEM_ACTIVITY_SCORE,PUBCHEM_ACTIVITY_URL,PUBCHEM_ASSAYDATA_COMMENT,ACTIVITY_QUALIFIER ,EC50_MICROM,EC50_95CI_LOW,EC50_95CI_HIGH,HILLSLOPE,FIT_PERCENT_SPAN,RSQR,N_POINTS,PERCENT_SPAN,RAWMCF_0.01_MICROM (0.01uM),RAWMCF_0.03_MICROM (0.03uM),RAWMCF_0.10_MICROM (0.10uM),RAWMCF_0.32_MICROM (0.32uM),RAWMCF_1.00_MICROM (1.00uM),RAWMCF_3.17_MICROM (3.17uM),RAWMCF_10.0_MICROM (10.0uM),RAWMCF_31.6_MICROM (31.6uM),RAWMCF_100.0_MICROM (100.0uM)
RESULT_TYPE,,,,,,,,STRING,FLOAT,FLOAT,FLOAT,FLOAT,FLOAT,FLOAT,INTEGER,FLOAT,FLOAT,FLOAT,FLOAT,FLOAT,FLOAT,FLOAT,FLOAT,FLOAT,FLOAT
RESULT_DESCR,,,,,,,,Qualifier for EC50,Effective concentration of half maximal event count as estimated by curve fit,Lower 95% confidence interval boundary for the EC50 curve fit estimate,Upper 95% confidence interval boundary for the EC50 curve fit estimate,Hill slope estimate for the fitted dose response curve,Percent response based on bottom and top span from EC50 curve fit estimate ,Correlation coefficient for the fitted dose response curve,Number of data points for each dose response curve,Percent response based on data points,Median channel fluorescence measured with 0.01 micromolar concentration of test compound,Median channel fluorescence measured with 0.03 micromolar concentration of test compound,Median channel fluorescence measured with 0.10 micromolar concentration of test compound,Median channel fluorescence measured with 0.32 micromolar concentration of test compound,Median channel fluorescence measured with 1.00 micromolar concentration of test compound,Median channel fluorescence measured with 3.17 micromolar concentration of test compound,Median channel fluorescence measured with 10.0 micromolar concentration of test compound,Median channel fluorescence measured with 31.6 micromolar concentration of test compound,Median channel fluorescence measured with 100.0 micromolar concentration of test compound
RESULT_UNIT,,,,,,,,,MICROMOLAR,MICROMOLAR,MICROMOLAR,NONE,PERCENT,NONE,NONE,PERCENT,NONE,NONE,NONE,NONE,NONE,NONE,NONE,NONE,NONE
RESULT_IS_ACTIVE_CONCENTRATION,,,,,,,,,TRUE,,,,,,,,,,,,,,,,
RESULT_ATTR_CONC_MICROMOL,,,,,,,,,,,,,,,,,0.01,0.03,0.1,0.32,1,3.17,10,31.6,100
1,24834766,16196702,CN(C)C(CC1=CC=CC=C1)C(=O)C2=CC=CS2.Cl,Inactive,0,,,,,,,,,,7,2.8,260.9,243.1,247.5,266.3,255.5,248.9,257.2,254.3,253.6
2,14722067,1452362,CC(C)N1C(=NN=N1)SCC(=O)N2CCN(CC2)C(=O)C3=CC=CO3,Inactive,0,,,,,,,,,,7,-4.02,226.2,234.4,230.5,228.7,230.3,228.4,226.4,224.5,235.3
3,24834100,4215262,CCC1=CC=C(C=C1)NC(=O)C(C)OC(=O)C2=C(N=CC=C2)OCC,Inactive,0,,,,,,,,,,7,-0.04,254.7,255.1,261,261.1,254.9,259.2,259.6,258.1,254.8
4,24787839,2940489,CC1C=CCC2C1C(=O)N(C2=O)C3=CC=C(C=C3)OC(=O)C4=CC=CS4,Inactive,0,,,,,,,,,,7,0.47,254.7,248.5,254,249.3,250.3,252.5,258.1,263.2,253.5
5,14721901,3226716,C1CCC(CC1)NC(=O)NCCCN2CCCC2=O,Inactive,0,,,,,,,,,,7,1.82,258,252.3,264.3,259,254.8,258.5,260.5,272,253.3
6,24816005,7532038,CCOC1=CC=CC=C1NC(=O)CSC2=NN=C3N2N=C(C=C3)C4=CN=CC=C4,Inactive,0,,,,,,,,,,7,-3.17,255.7,258.9,259.5,257.8,263.8,262.5,262.9,259.4,263.8
7,14730146,2225555,C1=CC=C(C(=C1)OCC(=O)NCC2=CC=CC=N2)Br,Inactive,0,,,,,,,,,,7,-0.88,249.4,245.7,249,248.2,251.8,249,240.7,246.7,251.6
8,17511881,6869437,CN1C2=C(C(=O)N(C1=O)C)N(C(=N2)N/N=C/C3=CC(=C(C=C3)OC(=O)C4=CC=CO4)OC)CC5=CC=CC=C5,Inactive,0,,,,,,,,,,7,-1.99,250.9,255.7,255.3,252.1,254.2,249.5,256.1,254.2,255.9
9,14728069,1798806,COC(=O)/C(=C\OCCOC1=CC=C(C=C1)Cl)/C2=CC=CC=C2,Inactive,0,,,,,,,,,,7,0.88,250.5,241.7,244.7,236.6,244.3,251.5,247.8,250.6,248.3
10,22405757,4608646,C1=CC=C2C(=C1)C(=O)C(=C(C2=O)NC(=O)C3=CC=C(C=C3)Cl)NC4=CC=C(C=C4)F,Inactive,0,,,,,,,,,,7,10.92,229.9,218.4,223.7,222.3,224.4,221,230.9,216.7,204.8
11,4263496,2962706,CN1C2=C(C(=O)N(C1=O)C)N(C(=N2)NCCO)CCC3=CC=CC=C3,Inactive,0,,,,,,,,,,7,3.68,233.8,226.1,230.7,232.4,227,233,227.1,231.6,225.2
12,22411031,4637224,CC1=CC=C(C=C1)C(=O)CCC(=O)NC2=CC(=C(C=C2)Cl)S(=O)(=O)NC3=CC(=CC=C3)Cl,Inactive,0,,,,,,,,,,7,1.11,242.5,235.4,237.3,238.7,242.7,244.7,237.7,237.7,239.8
13,4259251,925199,CC1=CC=C(C=C1)S(=O)(=O)N(C)CC(=O)N2CCC3=CC=CC=C32,Inactive,0,,,,,,,,,,7,-0.9,254.2,249.1,256.9,247.4,256.5,255.6,256.4,253.3,256.5
14,24799131,16190802,C1CN(C(CN1CC2=CC3=C(C=C2)N=CC=C3)CCO)CC4=CC=CC=C4,Inactive,0,,,,,,,,,,7,-1.93,238.1,244.7,231.5,241.4,235.8,242.2,242.6,239,242.7
15,14736569,1262275,CCC(CC)C(=O)NC1=CC(=CC=C1)S(=O)(=O)C2=CC=CC(=C2)NC(=O)C(CC)CC,Inactive,0,,,,,,,,,,7,2,234.6,230.4,233.3,227.4,238.2,238.4,235.8,230.4,229.9
16,24790935,135412312,CCC1=NN=C(S1)NS(=O)(=O)C2=CC=C(C=C2)N=CC3=C(CC(CC3=O)(C)C)O,Inactive,0,,,,,,,,,,7,0.2,252.2,251,250.9,255.3,254.9,251.2,251.1,248.2,251.7
17,4244531,3239115,CCOC(=O)C1CCCN(C1)C2=NC=NC3=C2C=NN3C4=CC=CC(=C4)C,Inactive,0,,,,,,,,,,7,-2.75,221.5,225.4,223.1,219.6,221.4,221.3,218.3,221.9,227.6
18,14739066,870509,COC1=CC=C(C=C1)COC(=O)NNC(=O)C2=CC=CC=C2Cl,Inactive,0,,,,,,,,,,7,0,248.2,247.9,245.1,247.8,249.5,253.4,248,246.7,248.2
19,17515609,12006097,C1C(CN(C1=O)C2=CC=CC=C2)C(=O)NC3=NN=C(S3)SCC4=CC=CC=N4,Inactive,0,,,,,,,,,,7,0,255.1,253.1,253.2,259.1,257.5,252.3,252.8,256.8,255.1
20,24813025,4088451,CC1NC2=CC=CC=C2C(=O)N1NS(=O)(=O)C,Inactive,0,,,,,,,,,,7,2.03,236.6,234.4,234.6,235.3,245.4,237.3,238.2,234.3,231.8
21,14718927,9549114,CCNCC1=CC(=C(C(=C1)Br)OCC(=O)NC2=CC=CC=C2)OC.Cl,Inactive,0,,,,,,,,,,7,0.08,236.1,230.8,232.8,235.1,234.8,240,236.3,232.3,235.9
22,14725964,746609,C1=CC=C(C=C1)NC2=NC(=CS2)C3=CC=NC=C3,Inactive,0,,,,,,,,,,7,0.21,240.9,236.7,242.9,239.4,241.8,239.8,240.7,240.9,240.4
23,14726863,286547,CN1CCN(CC1)C2=CC=CC=C2N,Inactive,0,,,,,,,,,,7,1.25,223.4,225.5,227.4,232.4,226.1,228.5,224.3,226.2,220.6
24,14721330,9549381,C1COCCN1C2=NC(=NC3=CC=CC=C32)N4CCOCC4.Cl,Inactive,0,,,,,,,,,,7,1.82,246.6,246.9,258,247,251.1,251.3,250,250.6,242.1
25,22413727,15945730,CC(C(C1=CC=CC=C1)O)NCC2=CC=C(C=C2)C3=CC=CC=C3.Cl,Inactive,0,,,,,,,,,,7,0.25,238,239.2,242.6,240.7,237.7,240.2,243.2,234.3,237.4
26,22407633,2128351,CC1=NN(C(=C1/C=C(\C#N)/C(=O)NC2=CC(=C(C=C2)OC)Cl)Cl)C3=CC=C(C=C3)F,Inactive,0,,,,,,,,,,7,-0.23,257.2,253.7,253.8,246.4,248.7,249.7,258.9,258.9,257.8
27,17506656,1217616,COC1=CC=CC=C1OC2=CC3=C(C=C2)C(=O)N(C3=O)C4=CC=CC5=C4C=CC=N5,Inactive,0,,,,,,,,,,7,-0.75,239.7,244.2,240.8,242.4,243.4,239.1,239.8,243.9,241.5
28,17432408,781245,CC1=CC=C(C=C1)NN2C(=O)C=CC2=O,Inactive,0,,,,,,,,,,7,-2.23,251.6,254.3,255.3,254.2,252.8,252.6,253.4,245.5,257.2
29,24831515,2530160,C1CCC(C1)NC(=O)CC2=CC=C(C=C2)C3=CC=CC=C3,Inactive,0,,,,,,,,,,7,-1.73,253.7,259.4,254.6,257.9,256,254.3,258.4,252.8,258.1
30,24797908,16189839,CC(C)CN1CCN(CC1CCO)CC2=NC3=C(C=C2)C=C(C=C3)NC(=O)C,Inactive,0,,,,,,,,,,7,-0.04,250.7,259.2,257.9,256.7,255.5,253.7,256.2,253.8,250.8
31,24832131,4882752,CC(C1=CC=CC=C1)NC(=O)CN(C)CC2=C(C=C(C=C2)OC)OC,Inactive,0,,,,,,,,,,7,0.27,261.6,264.1,268.6,263.3,264.8,260.6,263.1,263.6,260.9
32,24818989,5707302,CN(C)/C=C/C(=O)C1=C(C=C(C=C1)C(F)(F)F)F,Inactive,0,,,,,,,,,,7,-2.44,229.2,233.2,232.8,233.6,234,230.1,230.3,230.6,234.8
33,24830958,719482,CC(=O)NC1=CC=C(C=C1)N2C=C(NC2=S)C3=CC=CC=C3,Inactive,0,,,,,,,,,,7,0.27,259.6,257,270.8,267.2,273,268.4,264.7,264.9,258.9
34,17511227,12005467,CC1=CC(=C(N1C2=CN=CC=C2)C)/C=C(/C#N)\C(=O)NC3=CC=C(C=C3)Cl,Inactive,0,,,,,,,,,,7,-1.5,240.7,246.3,243.7,244.4,250.6,244.3,246.8,242.4,244.3
35,851187,653747,COC1=CC=CC(=C1)NC(=O)CSC2=NN=CN2N,Inactive,0,,,,,,,,,,7,1.65,230.4,226.9,225.2,232,225.3,228.4,228.4,229.3,226.6
36,24823698,4020783,CC1=CC=C(C=C1)NC2=NC(=C(S2)CC(=O)O)C3=CC=CC=C3,Inactive,0,,,,,,,,,,7,0,225.8,227.2,227.7,229.7,225.2,233.3,226.5,228.3,225.8
37,22416613,2932390,C1CCC2=C(CC1)SC(=C2C(=O)N)NC(=O)C3CCCO3,Inactive,0,,,,,,,,,,7,1.1,227.4,228.4,229.2,228.7,233.4,234.8,232.6,229.7,224.9
38,24788324,4132205,CC1=C(C=C(C=C1)NC(=O)CSC2=NC3=CC=CC=C3C(=O)N2CCCN4CCCCC4)Cl,Inactive,0,,,,,,,,,,7,0.36,252.6,261.6,266.5,259.2,262.2,256.1,263.7,261.7,251.7
39,17511795,5384164,C1C/C(=C\C2=CC=CC=C2)/C3=C(C1)C(NC(=S)N3)C4=CC=CC=C4,Inactive,0,,,,,,,,,,7,-2.8,239.7,243.9,240.7,246.8,245.7,249.6,251.8,239.1,246.4
40,24790939,974401,CN(C1=CC=CC=C1)C(=O)NC2CCCCC2,Inactive,0,,,,,,,,,,7,0.89,235.9,237,232.3,237.5,239.8,240.2,249.3,240.8,233.8
41,24814519,15998262,CC1=CC(=C(C=C1)OC)NC2=C(C=C(C=C2)C(=O)O)[N+](=O)[O-],Inactive,0,,,,,,,,,,7,1.49,254.4,255.5,253.1,257.5,256.9,257.5,255.1,255.5,250.6
42,24813566,4442686,CC(C)NS(=O)(=O)C1=CC=C(C=C1)OCC(=O)NC2=CC=C(C=C2)F,Inactive,0,,,,,,,,,,7,-1.59,227.1,228.9,227.7,229.7,231.5,228.8,234,229.6,230.7
43,24810218,16193035,CC1=CC(=NC2=C1C=C(C=C2)NC(=S)N3CCN(CC3)C4=CC=C(C=C4)F)N5CCN(CC5)C,Inactive,0,,,,,,,,,,7,0.04,263.4,265.4,268.2,267.7,271.8,262.9,260.6,274.6,263.3
44,14726927,2951105,C1COCCN1CC(COC2=CC3=C(C=C2)C=C(C=C3)Br)O,Inactive,0,,,,,,,,,,7,-8.07,250.3,255.5,261.5,263.6,261.2,264.7,256.2,260.5,270.5
45,4264086,2232362,CC1=CC=C(C=C1)C2=CC=C(N2NC(=O)C3=CC=CS3)CCC(=O)O,Inactive,0,,,,,,,,,,7,-9.46,208.3,218.1,213.8,223.7,226,222.3,222.7,221.3,228
46,849302,651779,CC1=C(SC(=C1C#N)NC(=O)C2=CC=C(O2)CN3C=C(C=N3)Cl)C(=O)OC,Inactive,0,,,,,,,,,,7,0.87,252.8,259.1,253.1,252.7,252.7,256.6,257.5,263.8,250.6
47,24807524,3153700,CC1=CC(=NO1)NC(=O)CCCC(=O)NCC2=CC=CC=C2,Inactive,0,,,,,,,,,,7,-4.3,220.8,227.5,226.4,229.1,231.1,228.2,230.3,224.4,230.3
48,7970733,2159329,COC1=C2C(=C(C=C1)OC)SC(=N2)NC(=O)C3=CC=C(S3)Br,Inactive,0,,,,,,,,,,7,0.9,255,254.2,248.5,246,252.7,244.6,254.1,235.8,252.7
49,17432333,1218392,COC1=CC=C(C=C1)C(=O)NC2=CC=C(C=C2)C(=O)OCC(=O)C3=CC=CC4=CC=CC=C43,Inactive,0,,,,,,,,,,7,-6.9,218.8,230.3,232.3,227.7,229.2,239,230.6,230.9,233.9
50,24810488,9624916,CC1=CC=C(C=C1)NC(=O)C/C(=N/OC(=O)C2=CC=CC=C2)/N,Inactive,0,,,,,,,,,,7,-1.04,240.6,244.4,250,246.8,243.9,244.1,240.8,248.9,243.1
51,24786441,16189172,CC1=C(C(=CC=C1)N2CCN(CC2)C(=S)NC3=CC4=C(C=C3)N=C(C=C4C)N5CCN(CC5)C)C,Inactive,0,,,,,,,,,,7,-4.04,242.7,247.2,251.4,248.3,249.8,246.7,252.5,0,0
52,24810455,16193105,CCN1CCN(CC1)C2=NC3=C(C=C(C=C3)NC(=S)N4CC(CC(C4)C)C)C(=C2)C,Inactive,0,,,,,,,,,,7,-1.72,249.7,254.4,258,255.1,257.3,257.5,261,257.5,254
53,847136,649536,CC1CC2=CC=CC=C2N1C(=O)CSC3=NN=NN3C4=CC5=C(C=C4)OCCO5,Inactive,0,,,,,,,,,,7,-2.35,234.5,240.9,242.9,243.9,243.7,245.3,241.2,242.3,240
54,852742,655383,CCOCCOC1=NC2=C(N1CCC3=CC=CC=C3)C(=O)N(C(=O)N2C)C,Inactive,0,,,,,,,,,,7,-2.84,232.8,235.6,240,238.1,234.5,239.3,235.4,236.7,239.4
55,7975598,711446,CC(C)CC1=CC(=C(C(=N1)N)C#N)C2=CC=CO2,Inactive,0,,,,,,,,,,7,-2.79,225.9,229.7,234.9,231,228.8,233.3,231,233.3,232.2
56,24819935,3804988,COC(=O)CSC1=NC=CC(=N1)C2=CC=CS2,Inactive,0,,,,,,,,,,7,-2.98,224.7,227,232.1,235,229.4,232.5,234.7,224.9,231.4
57,22407126,2316077,C1=CC=C2C(=C1)C(=O)N(C2=O)CN(C3=CC(=CC=C3)F)C(=O)COC4=C(C=C(C=C4)Cl)Cl,Inactive,0,,,,,,,,,,7,-29.86,184.2,201,211.4,228,229.3,236.5,236.7,234.5,239.2
58,3714448,6602992,CC1=CC=C(C=C1)CC(=O)OCCNC(=O)C2=CN=CC=C2.Cl,Inactive,0,,,,,,,,,,7,-0.73,247,252.1,245,258.1,256.7,255.5,248.7,251.2,248.8
59,24810439,16193100,CC1=CC(=NC2=C1C=C(C=C2)NC(=S)N3CCN(CC3)C4=CC(=CC=C4)Cl)N5CCN(CC5)C,Inactive,0,,,,,,,,,,7,-3.85,259.9,268.7,259.1,265.3,271.6,269.7,260.9,271.7,269.9
60,17505325,3158797,CC1=CC(=CC=C1)N2C(NC(=O)C(=C2S)C#N)C3=CC=CS3,Inactive,0,,,,,,,,,,7,0.36,252.2,258,257.3,258.8,263.2,264.1,265.4,265,251.3
61,17415033,9587374,C1=CSC(=C1)C(=O)O/N=C(/CC2=CC(=C(C=C2)Cl)Cl)\N,Inactive,0,,,,,,,,,,7,-4.26,225.1,232.4,232.5,242.7,238.2,241.5,240,237,234.7
62,17510113,12005102,C1=CC=C(C=C1)N2C=CC=C2/C=C/3\C(=O)N(C(=O)N3)CC4=CC=C(C=C4)F,Inactive,0,,,,,,,,,,7,-4.48,223.2,227.7,231.9,234.6,234.2,231.5,230.1,229.1,233.2
63,24823742,3374628,C1=CC=C(C=C1)C2=CN(C(=S)N2)C3=CC=CC=C3F,Inactive,0,,,,,,,,,,7,-2.64,264.9,264.1,257.5,270.6,274.9,266.3,273.8,268.4,271.9
64,22416181,2917103,C1CN(CCN1C2=CC=CC=N2)C(=O)CCCN3C(=O)C4=CC=CC5=C4C(=CC=C5)C3=O,Inactive,0,,,,,,,,,,7,2.44,257.8,255.2,257.1,267.2,257.6,261.9,250.2,250.8,251.5
65,17433475,2211282,CCOC(=O)C1=C(SC2=C1CCCC2)NC(=O)C3=CC=CC=C3N(C)S(=O)(=O)C4=CC=CC=C4,Inactive,0,,,,,,,,,,7,1.07,243.5,235.5,235.2,240.8,241.2,232.8,247.6,245.9,240.9
66,857742,659099,C1CSC(=N1)NC(=O)NC23CC4CC(C2)CC(C4)C3,Inactive,0,,,,,,,,,,7,-10.78,210.6,224.2,215.7,222.5,229.2,229.2,225,235.2,233.3
67,24806089,1017645,CC1=CC(=CC(=C1OC)C(=O)NC2=CC=C(C=C2)S(=O)(=O)N)Br,Inactive,0,,,,,,,,,,7,-5.66,219,230.1,226,231.8,225.5,233.1,232.9,233,231.4
68,17509314,20846814,C1=CC=C(C(=C1)C(=O)NC2=CC=CC(=C2)C(=O)N/N=C/C3=CC=NC=C3)Cl,Inactive,0,,,,,,,,,,7,-1.39,230.4,229.9,225.7,223.1,228.2,222.9,237.8,230.3,233.6
69,4265786,2233286,COC1=C(C=C(C=C1)C2=NOC(=N2)COC3=CC4=C(C=C3)OCO4)OC,Inactive,0,,,,,,,,,,7,-3,259.6,258.6,261.4,264.2,267.8,266.6,266.6,266.9,267.4
70,17432332,135425018,CN(C)C1=CC=C(C=C1)/C=C/2\C(=O)N(C(=O)S2)CCN=C3C4=CC=CC=C4S(=O)(=O)N3,Inactive,0,,,,,,,,,,7,-22.96,187.7,209.4,222.9,223.1,227.4,227.6,224.8,223.3,230.8
71,4262388,2233380,C1=CC=C(C(=C1)COC(=O)CNC(=O)CNC(=O)C2=CC=CO2)Br,Inactive,0,,,,,,,,,,7,-1.68,226.7,222.9,228.7,233.6,230,238.3,234.4,231.7,230.5
72,17515749,5064437,CC1=CC=C(C=C1)NC(=S)N2CCN3C=CC=C3C2C4=CN=CC=C4,Inactive,0,,,,,,,,,,7,-2.64,245.8,250.2,251.6,254.2,248.3,258.9,245.9,257.3,252.3
73,22402114,15944852,COC1=CC=C(C=C1)N2CC(CC2=O)C(=O)NC3=NN=C(S3)SCC(=O)C4=CC=CC=C4,Inactive,0,,,,,,,,,,7,-4.91,254.6,255.9,261.2,259.7,266,266.9,261.7,272.7,267.1
74,17507554,3167346,CCOC1=CC2=CC(=C(N=C2C=C1)SCC(=O)N3C4=CC=CC=C4SC5=CC=CC=C53)C#N,Inactive,0,,,,,,,,,,7,1.15,243.5,249.8,246.2,241.4,246.6,237.7,246.9,244.6,240.7
75,24807165,9567958,CC1=CC(=NC(=N1)/N=C(\N)/N2CCC3=CC=CC=C32)C,Inactive,0,,,,,,,,,,7,0.13,239.8,243.3,241.3,249.1,245.7,242.3,243,239.6,239.5
76,7972768,722048,CC1=C(SC(=C1C(=O)N)N)CC2=CC=CC=C2,Inactive,0,,,,,,,,,,7,-1.49,228.5,226.1,228.7,230.4,229.5,238.4,225.2,230.3,231.9
77,24810192,9556541,CC1=CC=CC=C1OCC(=O)N/N=C/C2=CC=CC=N2,Inactive,0,,,,,,,,,,7,-3.28,244.2,237.3,246.8,249.4,252.5,249,254.7,254.4,252.2
78,7973561,2920703,CC1=C(C(NC(=O)N1)C2=C(C(=CC=C2)OC)OC)C(=O)NC3=C(C=C(C=C3)OC)OC,Inactive,0,,,,,,,,,,7,-0.72,237.4,233.6,234.6,238,239.3,242.4,230.5,237.3,239.1
79,24828046,2346919,CCC1=C(C(=CC=C1)CC)N2C(=NNC2=S)C3=CN=CC=C3,Inactive,0,,,,,,,,,,7,-6.59,242.7,245.3,238.1,246.2,251.2,263.9,249.4,246.3,258.7
80,14720989,776247,CCCN1C2=C(N=C1N3CCN(CC3)C)N(C(=O)NC2=O)C,Inactive,0,,,,,,,,,,7,3.13,259.1,257.6,260.9,251.2,256.2,259.7,258.1,259.7,251
81,4247038,1177170,CC1=C(C(=O)N(N1C)C2=CC=CC=C2)NC3=C(C(=O)N(C3=O)C4=CC=C(C=C4)OC)Cl,Inactive,0,,,,,,,,,,7,2.32,262.4,266.2,263.3,277,275.2,284.8,285.6,277.1,256.3
82,14742255,9551772,CC1(CC2=C(C=CC3=CC=CC=C23)/C(=C/C(=O)N4CCCCC4)/N1)C.Cl,Inactive,0,,,,,,,,,,7,-3.57,221,226.5,222.7,224.3,225.9,229.4,225.6,227.9,228.9
83,14719251,1002249,CN1CCN(CC1)C2=C(C(=O)C(=C(C2=O)Cl)C3=CN=C(S3)N4CCCCC4)Cl,Inactive,0,,False Positive,=,0.16,0.06,0.41,-0.6165,73,0.9767,7,73.33,234.7,204.8,163.9,120,123.6,107.4,81.7,67.6,62.6
84,24814549,16194398,C1CC(=O)NC2=C1C=C(C=C2)S(=O)(=O)NCCCC(=O)N3CCN(CC3)CC4=CC5=C(C=C4)OCO5,Inactive,0,,,,,,,,,,7,1.37,234.3,227.4,231.8,233.2,234.8,234.9,237.2,238.5,231.1
85,17409030,1236722,CC1=CC=C(C=C1)C(=O)/C=C/C(=C/C2=CC=CC=C2)/C,Inactive,0,,,,,,,,,,7,-0.66,256.7,263,254.6,256.8,259.4,253.1,251.1,256.3,258.4
86,14718751,1002248,CN(C)C1=NC=C(S1)C2=C(C(=O)C(=C(C2=O)Cl)N3CCCC3)Cl,Inactive,0,,False Positive,=,0.21,0.05,0.95,-0.4682,65,0.9709,7,59.88,201.9,178.2,148,126.8,132.5,119.4,92.5,86.2,81
87,24789082,2791433,COC1=CC=C(C=C1)N2C(=O)C(=C(C2=O)Cl)OC3=CC=CC(=C3)OC,Inactive,0,,,,,,,,,,7,-9.64,235.5,236.7,244.7,251.7,248.9,255.2,259.1,258.4,258.2
88,24811897,5402648,CN1C=CC=C1CC(=O)N/N=C\C2=CC=CC=C2,Inactive,0,,,,,,,,,,7,-0.5,218,218.8,223.3,221.3,222.1,225.9,223.8,230.5,219.1
89,17505686,9662863,CCCOC1=CC=C(C=C1)C2=C(N=NN2C3=NON=C3N)C(=O)N/N=C/C4=CC=C(C=C4)OC,Inactive,0,,,,,,,,,,7,-0.59,255.7,247.5,256.5,254.1,260.2,262,261.9,257.2,0
90,14745176,135512397,C1CN(CCN1C/C(=C(\C#N)/C2=NC(=CS2)C3=CC=CC=C3)/O)C4=CC=CC=C4F,Inactive,0,,,,,,,,,,7,0.47,257.1,262.6,256.2,256.8,255,265.1,261.8,259.5,255.9
91,17506068,1561895,CC(C)COC(=O)/C(=C/C1=CN(C2=CC=CC=C21)CC3=CC=CC=C3)/C#N,Inactive,0,,,,,,,,,,7,1.17,230.8,223.9,223.2,228.4,230.8,231.9,224.3,232.3,228.1
92,3714959,6602929,CC1=CC(=C(N1CCC2=CC=CC=C2)C)C3=CSC(=N3)N.Cl,Inactive,0,,,,,,,,,,7,5.12,220.7,218.8,219.2,217.7,212.2,219.4,222.2,218.8,209.4
93,22405293,4361244,CCN(CC)C1=C(C=C(C=C1)NC(=O)C2=CC=CC=C2)S(=O)(=O)NC3=CC=CC=C3OC,Inactive,0,,,,,,,,,,7,-7.7,220.9,225.4,217.5,224.4,236.7,227.2,231.3,231.2,237.9
94,14737655,4184351,C1CC(OC1)CNC(=O)CSC2=NC3=C(C(=O)N2CC4=CC=C(C=C4)C(=O)O)SC=C3,Inactive,0,,,,,,,,,,7,-0.95,231.9,222.9,217.6,227,236.2,236.1,229.8,228.5,234.1
95,24832145,135498532,C1CCC(C1)NC(=O)NC(=O)COC(=O)CCCN=C2C3=CC=CC=C3S(=O)(=O)N2,Inactive,0,,,,,,,,,,7,2.56,250,253.3,247.9,248.3,242.6,245.6,247.9,250.3,243.6
96,14720568,1150948,CC1=NC(=NC=C1)NS(=O)(=O)C2=CC=C(C=C2)NC(=O)C3=C(ON=C3C4=CC=CC=C4Cl)C,Inactive,0,,,,,,,,,,7,1.06,245.3,242.7,239.7,240.8,237.4,237,238.4,234.4,242.7
97,3713416,2324512,CCOP1(=S)C2=C(N=C(N1C)C3=CC=C(C=C3)F)N(N=C2C)CCC#N,Inactive,0,,,,,,,,,,7,-6.4,239.2,237.2,245.8,241.8,254.6,255,254.2,243.2,254.5
98,24819423,1488502,C1=CC(=CC(=C1)Cl)NC(=O)NC2=NC(=NC=C2)C3=CN=CC=C3,Inactive,0,,,,,,,,,,7,5.52,224.7,224.9,216.3,219.1,209.9,210.1,208.2,211.4,212.3
99,17514028,4561725,C1CN(CCN1C2=CC=CC=C2[N+](=O)[O-])C3=C(C(=O)C4=CC=CC=C4C3=O)Cl,Inactive,0,,,,,,,,,,7,11.34,226.7,230.6,222,220.5,207.3,202.2,210.1,197.8,201
100,24795343,5738911,C1C/C(=C\C2=CC=CC=C2F)/C3=C(C1)C(NC(=S)N3)C4=CC=CC=C4F,Inactive,0,,,,,,,,,,7,-2.97,242.3,247.2,249.1,244,245.3,247.9,252.8,246.9,249.5
101,4244856,715724,COC1=CC(=CC(=C1)N=C2C(=NSS2)Cl)OC,Inactive,0,,,,,,,,,,7,-7.33,222.5,231.8,233.6,240.7,229.3,240.1,238.7,248.5,238.8
102,17431813,5730407,CC(=O)N/C(=C\C1=CC=C(C=C1)F)/C(=O)OC,Inactive,0,,,,,,,,,,7,-1.97,248.7,247.5,251.8,245.2,255.1,253.9,254.2,249.3,253.6
103,17401925,11957209,CC(=O)OCCCNC1=C(C2=NON=C2C(=C1)SC3=NC4=CC=CC=C4S3)[N+](=O)[O-],Inactive,0,,,,,,,,,,7,12.13,253.1,251.9,232.1,239,241.2,225.1,226.9,222.4,222.4
104,17510638,4661200,CC1CC(NC(=S)N1CCCC(=O)NC2=C(C=CC(=C2)OC)OC)(C)C,Inactive,0,,,,,,,,,,7,-7.6,251.3,252.3,251.1,261.6,260.7,263.6,266.1,261.7,270.4
105,17401576,135510938,COC1=CC=CC(=C1O)/C=N/NC2=NN3C=NN=C3C4=CC=CC=C42,Inactive,0,,,,,,,,,,7,7.97,232,226.1,223.6,221.9,208.6,204.3,197.4,196.1,213.5
106,24823431,16195481,COC1=C(C=C2C(=C1)C(=NC(=S)N2)NCCC3=CC=C(C=C3)S(=O)(=O)N)OC,Inactive,0,,False Positive,=,0.54,0.11,2.76,-0.8909,26,0.8984,7,32.31,246.4,255,233.7,223.2,203.6,191.9,203.7,194.4,166.8
107,24814490,5081115,CC1=CC=C(C=C1)C2=NC3=CC=CC=C3C(=C2)C(=O)NC4=C(C=CC(=C4)C(=O)O)C,Inactive,0,,,,,,,,,,7,0.92,240.4,236.6,240.6,244,234.5,229.9,236.2,237.9,238.2
108,17401857,11957180,C1=CC=C2C(=C1)N=C(S2)SC3=CC(=C(C4=NON=C34)[N+](=O)[O-])NCCCO,Inactive,0,,,,,,,,,,7,11.15,244.9,250.2,237.3,236.8,229.6,221.8,230.2,222.9,217.6
109,4249526,3243470,COC1=C(C=C2C(=C1)C(=NC(=S)N2)NCC3CCCO3)OC,Inactive,0,,,,,,,,,,7,8.72,258,251.7,248.8,246.9,239.8,236.8,235.6,228.2,235.5
110,14734078,9550553,CCC(=O)OCCNC1=C(C2=NON=C2C(=C1)SC3=NC4=CC=CC=C4S3)[N+](=O)[O-],Inactive,0,,,,,,,,,,7,10.55,226.5,223.2,220.1,208.8,221.8,200.9,207.1,200.6,202.6
111,24790257,5337459,CC1=C(N2C=CC=NC2=N1)C3=CSC(=N3)NC4=CC=C(C=C4)O.Br,Inactive,0,,False Positive,=,0.67,0.39,1.16,-0.8692,28,0.9883,7,25.8,221.3,227,213.4,209.3,188.3,177.1,166.2,166.5,164.2
112,17515560,12006070,C1C(C=CS1(=O)=O)N(C2=CC=CC=C2)C(=O)C3=CC4=CC=CC=C4OC3=O,Inactive,0,,,,,,,,,,7,-4.67,220.5,234.4,226,227.4,226.3,232.6,227.8,228.4,230.8
113,17516180,3966362,CC(C)(C)C1CCC(=NNC(=O)C2=CC3=C(S2)CCCC3)CC1,Inactive,0,,,,,,,,,,7,-3.32,213.9,225.6,213.4,219.7,220.1,222.4,223,222.8,221
114,4244763,3239318,CC1=C(C(=O)N(C(=O)C1=NC2=CC=C(C=C2)N(C)C)CCCO)C#N,Inactive,0,,False Positive,=,0.76,0.61,0.95,-1.278,37,0.9965,7,38.22,256.9,257.5,250.8,230.7,200.8,174.4,160.8,165,158.7
115,4245451,3239921,COCCCNC1=NC(=S)NC2=CC(=C(C=C21)OC)OC,Inactive,0,,False Positive,,,,,,,,7,13.63,234.7,218.5,217.8,215.5,212.8,217.7,197.8,198,202.7
116,22402015,5051642,C1CN(CCN1C2=CC=C(C=C2)O)C3=C(C=C(C=C3)[N+](=O)[O-])Cl,Inactive,0,,,,,,,,,,7,3.95,227.7,232.4,225.6,228.6,216.3,228.8,215.3,214.3,218.7
117,17402029,11957260,C1=CC=C2C(=C1)N=C(S2)SC3=CC(=C(C4=NON=C34)[N+](=O)[O-])NCCO,Inactive,0,,,,,,,,,,7,8.37,237.7,243.6,235.4,236.6,237.1,220.3,211.8,220.4,217.8
118,24791240,4326009,CC1=CC(=C(C=C1)NS(=O)(=O)C2=C(C=CC(=C2)NC(=O)C3=CC4=C(C=C3)SCC(=O)N4)C)C,Inactive,0,,,,,,,,,,7,-0.86,232.2,231.9,233.4,228.5,244.9,248,252.2,247.6,234.2
119,17415011,1017323,CCOC1=C(C(=CC(=C1)CNC2=CC=C(C=C2)N(C)C)Br)OCC(=O)NC(C)(C)C,Inactive,0,,,,,,,,,,7,-6.44,235.9,245.9,246.6,242.8,247.5,249.2,251.1,241.8,251.1
120,22415017,833990,C1=CC=C(C=C1)COC2=CC=CC=C2CNC3=CC=C(C=C3)O,Inactive,0,,,,,,,,,,7,12.4,258.1,250.9,249.9,251.8,237.2,225.8,224.3,223.3,226.1
121,17505337,135468612,COC1=C(C(=CC(=C1)/C=N/NC(=O)C2=C(C=C(C=C2)[N+](=O)[O-])Cl)Br)O,Inactive,0,,,,,,,,,,7,6.24,245.3,247.9,247.8,243.3,238.1,231.6,241.9,236.7,230
122,22416786,1369299,CC(C)CNC(=O)C1=CC(=CC=C1)NC(=O)C2=CC(=C(C=C2)Cl)[N+](=O)[O-],Inactive,0,,,,,,,,,,7,-0.48,231.3,230.4,228.5,235,231.5,230.9,233,236.9,232.4
123,17413536,2879069,CCC(=O)N(CC)C1=C(C2=CC=CC=C2C(=O)C1=O)O,Inactive,0,,,=,0.98,0.18,5.25,-0.5508,22,0.9631,7,20.65,254.2,257.8,244.7,234,228.5,221.5,218.5,212.8,201.7
124,7977061,1177165,CC1=C(C(=O)N(N1C)C2=CC=CC=C2)NC3=C(C(=O)N(C3=O)C4=CC=CC=C4)Cl,Inactive,0,,,,,,,,,,7,-2.67,240.1,237.8,235.1,234.3,236.9,250.3,254.9,252.4,246.5
125,24813024,3653016,CS(=O)(=O)NN1C(NC2=CC=CC=C2C1=O)C3=CC=CS3,Inactive,0,,,,,,,,,,7,0.53,227.1,223.2,222.8,214.8,222.4,220.2,227.9,221.9,225.9
126,17515652,2789559,C1CCC2=C(C1)C(=C(S2)NC(=O)C3CCCO3)C(=O)N,Inactive,0,,,,,,,,,,7,-1.87,251.7,251.4,257.5,253.2,257.6,262.5,268.7,257.7,256.4
127,24835110,2512392,CC1=CC=CC=C1N2C(=S)SC(=N2)SCC(=O)O,Inactive,0,,,,,,,,,,7,-2.62,221.5,227.1,221.8,226.9,228.9,235.7,236,229.9,227.3
128,17504321,12004492,C1=CC=C2C(=C1)C=CC(=N2)C(=O)C3=NN[C@H]4[C@@H]3C(=O)N(C4=O)C5=CC=CC=C5C(F)(F)F,Inactive,0,,,,,,,,,,7,1.39,251.5,249.1,251,253.6,251.3,245.8,253,252.6,248
129,17514607,9678868,C1CCN(C1)S(=O)(=O)C2=CC=C(C=C2)C(=O)NCC(=O)N/N=C/C3=C(C=C(C=C3)Cl)Cl,Inactive,0,,,,,,,,,,7,0.63,255.9,254.1,252.2,269.1,264.2,247.9,253,248,254.3
130,24836242,4545874,CCN(CC)C1=C(C=C(C=C1)NC(=O)C2=CNC(=O)C=C2)S(=O)(=O)NC3=CC=CC=C3OC,Inactive,0,,,,,,,,,,7,-2.48,262.6,255.8,256.9,260.7,260.7,264.4,258.2,264.3,269.1
131,14742823,937381,COC1=C(C=C(C=C1)C2=NN3C(=NN=C3SC2)C4=CC=CO4)OC,Inactive,0,,False Positive,=,1.21,0.31,4.8,-0.7976,19,0.9437,7,16.71,231.6,240.7,230.8,219.8,212.1,212.5,193.3,195.2,192.9
132,14728132,830670,CC1N(C2=CC=CC3=C2C(=CC=C3)N1C)C,Inactive,0,,,,,,,,,,7,8.84,239.9,232.4,230.1,232.2,223.6,228.3,213.9,209.9,218.7
133,14738507,1192535,CCOC(=O)C1=CC=C(C=C1)NC2=NC(=NC3=CC=CC=C32)C(=O)OCC,Inactive,0,,False Positive,=,1.51,0.21,11.03,-0.9238,13,0.8567,7,15.32,266.9,261.1,244,255.6,241.2,236.8,227.4,223.2,226
134,14737248,672376,CC1=C(C(=O)N(C(=O)C1=NC2=CC=C(C=C2)N(C)C)CCO)C#N,Inactive,0,,,=,1.63,1.19,2.23,-1.951,37,0.9888,7,38.6,258.3,251.2,243.4,242.6,228.6,176.6,160.3,159.3,158.6
135,848480,650929,C1CCC2(C1)CC3=CC=CC=C3C4=C2C(=O)N(C5=NN=NN45)CC6=CC=CC=C6,Inactive,0,,,,,,,,,,7,10.88,233.5,227.4,224.8,231.3,225,214.7,213,216.7,208.1
136,17510693,12005314,CCC(=O)OCCNC1=C(C2=NON=C2C(=C1)SC3=NC4=CC=CC=C4N3)[N+](=O)[O-],Inactive,0,,,,,,,,,,7,13.97,240.5,232.1,238.2,227.7,220.4,221.4,214,215.4,206.9
137,4261208,938026,CC1=CC2=NN(N=C2C=C1N)C3=CC=CC4=CC=CC=C43,Inactive,0,,,,,,,,,,7,13.37,251.4,249.1,251.8,257.8,239.7,226.7,213.5,217.2,217.8
138,4244761,3239316,COCCNC1=NC(=S)NC2=CC(=C(C=C21)OC)OC,Inactive,0,,,,,,,,,,7,10.3,248.6,249.3,238.6,239,241.8,230.3,226.4,222.2,223
139,4242452,3237310,CCOCCCNC1=NC(=S)NC2=CC(=C(C=C21)OC)OC,Inactive,0,,,,,,,,,,7,11.37,258.6,249.5,254.4,252.3,245.3,233.1,229.2,219.2,229.2
140,17386668,990752,COC(=O)C1=C(C2=CC=CC3=CC(=C4C=CC1=C4N32)C5=CC=CC=C5)C(=O)OC,Inactive,0,,,=,1.8,0.72,4.49,-0.8221,24,0.9742,7,22.71,249.2,245.3,245,240.1,235.2,212.2,198.9,201,192.6
141,17515463,4087198,CC1=CC(=CC=C1)NC(=S)N2CCN3C=CC=C3C2C4=CN=CC=C4,Inactive,0,,,,,,,,,,7,-7.5,222.6,229.7,223.5,236.1,228,233.5,235.4,235.3,239.3
142,14743069,1930463,COCCCN1C(=C(C2=NC3=CC=CC=C3N=C21)C(=O)NC4=C(C5=C(S4)CCCC5)C(=O)OC)N,Inactive,0,,False Positive,=,1.95,0.44,8.53,-0.5394,20,0.9791,7,18.01,228.7,225,226.9,217.8,210.2,201.1,202.4,192.3,187.5
143,14737342,9551010,CC(C)OCCCNC1=NC(=S)NC2=CC(=C(C=C21)OC)OC,Inactive,0,,,,,,,,,,7,3.89,223.6,231.2,231,227.4,226.7,217.3,210.2,207.1,214.9
144,17401712,611216,CC1=NN(C2=CC=CC3=C(C=CC1=C32)OC)C,Active,41,,,=,2.01,0.8,5.06,-0.6206,41,0.9876,7,37.19,244.4,245,243.9,227.4,208.4,196.1,172.3,172.8,153.5
145,852992,655635,CCCC1(C2C(C(N1)C3=CC(=C(C(=C3)OC)OC)OC)C(=O)N(C2=O)CC)C(=O)OCC,Inactive,0,,,,,,,,,,7,2.33,227.7,228,232.9,228.2,224.6,226.2,221.5,222.6,222.4
146,7976804,2281855,COC1=C(C=C(C=C1)S(=O)(=O)NCCSC2=CC=CC=C2)OC,Inactive,0,,,,,,,,,,7,-0.34,268.5,258.7,262.5,262.5,261.5,259.5,258.3,261.2,269.4
147,17403649,5759067,C1CC(OC1)CN2C(=O)/C(=C\C3=CC=C(O3)C4=CC=CC=C4Cl)/SC2=S,Active,55,,,=,2.33,1.75,3.12,-1.278,53,0.9942,7,52.63,260.3,257.5,256.7,239.2,222.6,172.5,139.7,119.4,123.3
148,17409234,6875437,CN(C1=NS(=O)(=O)C2=CC=CC=C21)/N=C/C3=CC=NC=C3,Inactive,0,,False Positive,=,2.44,1.4,4.25,-1.36,22,0.9768,7,20.44,254.9,259.9,262.5,246.9,245.2,222.6,208.4,198.7,202.8
149,14734419,6867282,COC1=CC=CC(=C1)/C=N/NC2=NN3C=NN=C3C4=CC=CC=C42,Inactive,0,,False Positive,,,,,,,,7,13.1,245.1,254.7,247.6,245.2,243.5,228.6,217,214,213
150,22407222,2452900,CCCCCCN1C(=O)C2=CC=CC=C2C(=N1)C(=O)NC3=NC4=C(S3)CCCC4,Inactive,0,,,,,,,,,,7,-4.48,221.2,224.3,226,217.2,217,228.2,231.3,226.7,231.1
151,14736355,1311254,C1=CC=C(C=C1)NC2=NC(=CC=C2)NC3=CC=CC=C3,Inactive,0,,,=,2.79,1.25,6.18,-1.022,39,0.9715,7,41.81,243,234.1,230.4,225.1,218.3,175,171,152.5,141.4
152,14744509,3646030,C1C(=NN2C(=NN=C2S1)C3=CC=NC=C3)C4=CC=CS4,Inactive,0,,,,,,,,,,7,2.68,261.4,263.5,254.3,259.5,257.8,260,253.5,253.7,254.4
153,14720971,3210779,CC1=CC(=NO1)NC(=O)CCC(=O)N(CC2=CC=C(C=C2)OC)CC(=O)NC3CCCC3,Inactive,0,,,,,,,,,,7,2.32,246,242.3,250.5,245.7,253,243.4,241.3,246.7,240.3
154,4246113,3240497,CC(NC(=O)NC1=CC=CC=N1)N2C(=O)C3C4CC(C3C2=O)C=C4,Inactive,0,,,,,,,,,,7,-2.15,241.5,247.1,258.6,243.9,242.5,241.3,255.5,255,246.7
155,861627,662865,COC1=CC=CC=C1NC(=O)CSC2=NN=C(N2CC3=CC=CO3)C4=CC=CO4,Inactive,0,,,,,,,,,,7,4.04,255,252.3,244.9,241.9,254.9,244.7,241.6,242.2,244.7
156,17507953,1447962,CCC1=NN2C=C(C=NC2=C1C3=CC=C(C=C3)F)C(=O)C4=C(C=CC(=C4)C)O,Inactive,0,,,,,,,,,,7,0.57,261.4,252.6,251.1,253.2,251.1,258.9,264.5,263.7,259.9
157,17507513,5758250,CC1=CC=C(C=C1)C2=CC=C(O2)/C=C/C(=O)C3=CC=C(C=C3)C,Inactive,0,,,=,3.08,2.05,4.62,-1.156,36,0.9906,7,36.6,260.9,253.1,262.8,259.7,238.4,211.1,187.3,174.2,165.4
158,14743138,3629419,CCOC1=CC=C(C=C1)C2=NN3C(=NN=C3SC2)C4=CC=CO4,Inactive,0,,,,,,,,,,7,7.31,264.1,258.6,256.2,261.1,258.8,250.2,238.2,240.1,244.8
159,24784559,6087863,CC1C/C(=C\C2=CC(=CC=C2)F)/C3=C(C1)C(NC(=S)N3)C4=CC(=CC=C4)F,Inactive,0,,,,,,,,,,7,-0.79,254.6,258.3,257.3,252.5,251.8,257.3,260.9,261.3,256.6
160,22404772,15945010,C1CCC(CC1)NCC(COCCOC2=CC=C(C=C2)Br)O.Cl,Inactive,0,,,,,,,,,,7,0.66,241.9,237.5,243.1,237.5,238.4,240.8,243.8,245.3,240.3
161,14730489,705445,CC1=CC=C(O1)C2=NC(=C(C(=C2)C3=CC=C(C=C3)F)C#N)N,Inactive,0,,,,,,,,,,7,7.76,255.1,255.5,253.7,257.9,239.2,247.1,239.9,230,235.3
162,14734071,1017339,CC(C)(C)NC(=O)COC1=C(C=C(C=C1Br)CNC2=CC3=C(C=C2)NC(=O)N3)OC,Inactive,0,,,,,,,,,,7,9.76,242.9,244.6,240.2,240.5,235.4,229.1,226.3,213.4,219.2
163,17506216,9547735,CN1C(=C(C(=O)N(C1=O)CC2=CC=CC=C2)C(=O)COC(=O)C3=CC(=NC4=CC=CC=C43)C5=CC=CO5)N,Inactive,0,,,,,,,,,,7,9.66,247.4,242.7,249,250.3,230.7,241.7,226.4,224.5,223.5
164,24840440,4133879,CN(C)CCNC(=O)C(=O)C1C2=CC=CC=C2NC1=O,Inactive,0,,,,,,,,,,7,-2.48,274.6,266.9,282.2,278.6,275.3,277.9,287.7,280.5,281.4
165,24798689,16190360,C[C@@]12C[C@@H](CC(C1)(C)C)N(C2)CC3=CN(N=C3C4=CC5=C(C=C4)OCCO5)C,Inactive,0,,,,,,,,,,7,-2.58,224.6,231.8,232.6,227,223,228.1,231.1,230.5,230.4
166,17513541,6868038,CC1=CC(=NN1CC(=O)N/N=C/C2=CC(=CC=C2)[N+](=O)[O-])C,Inactive,0,,,,,,,,,,7,-2.53,248.7,256,250.1,255.4,246.7,252.3,259.1,250.7,255
167,14743068,1930774,CCOCCCN1C(=C(C2=NC3=CC=CC=C3N=C21)C(=O)NC4=C(C5=C(S4)CCCC5)C(=O)OC)N,Inactive,0,,,,,,,,,,7,7.73,245.7,263.2,253.6,255.7,251,242.1,222.4,222.1,226.7
168,17409200,801625,COC1=CC=CC=C1C2=NC3=CC=CC4=C3C(=CC=C4)N2,Inactive,0,,,,,,,,,,7,13.11,248.6,237.8,243.6,237.2,236.9,224.4,227.4,217.3,216
169,24786636,833983,CCOC1=CC=CC=C1CNC2=CC=C(C=C2)O,Inactive,0,,,=,3.63,1.04,12.68,-0.8091,18,0.9632,7,18.71,249.1,251.7,246,244.1,235.2,223.3,218.4,212.9,202.5
170,24839550,2110403,C1=CC2=C(C=CC=N2)C(=C1)NC(=O)CC3=C(C=CC=C3Cl)F,Inactive,0,,,,,,,,,,7,-7.03,241.9,243.3,246.2,255,249.9,250.5,263.6,265.3,258.9
171,17403527,5717129,CC[N+]1=C(SC2=CC=CC=C21)/C=C/C=C/N(C3=CC=CC=C3)C(=O)C.[I-],Inactive,0,,,,,,,,,,7,-1.28,226.3,235.1,234,232,228.2,230.9,342.9,229.2,0
172,17431838,2299067,CC1=C(ON=C1C)NS(=O)(=O)C2=CC=C(C=C2)N/C=C/C(=O)C3=CC(=CC=C3)OC,Inactive,0,,,,,,,,,,7,0.86,233.3,243.1,243.7,246.3,238.1,236.7,231.5,227.7,231.3
173,24829550,982808,C1COCCN1CCNC2=NN3C(=NC4=C(C3=O)C(=CS4)C5=CC=CC=C5)C6=CC=CC=C62,Inactive,0,,False Positive,,,,,,,,7,14.93,221.7,219.9,213.5,213.7,202.1,209.5,194.4,188.8,188.6
174,24815782,16194752,CCN(CC)CCN(C1=NC2=CC3=C(C=C2S1)OCCO3)C(=O)C4=CC=C(C=C4)N5C(=O)CCC5=O.Cl,Inactive,0,,,,,,,,,,7,3.31,220.3,219.5,225.7,223.5,224.1,224.5,223.2,225,213
175,862610,663844,C1=CC=C2C(=C1)C3=C4C(=NO3)C=CC(=C4C2=O)NCCCN5C=CN=C5,Active,100,,,=,4.05,0.31,52.97,-0.7287,107,0.8975,7,97.33,209.8,218.1,216.9,197.5,182.9,54.5,122.4,8.6,5.6
176,14721404,734614,C1COCCN1C2=CC=CC=C2NC(=O)C3=CC=CS3,Inactive,0,,,,,,,,,,7,-1.53,228.1,228.6,229,230.9,228.6,231.4,236,242.5,231.6
177,24828521,284927,CC(=O)NC1=C(C(=O)C2=CC=CC=C2C1=O)NC3=CC=CC=C3OC,Inactive,0,,,,,,,,,,7,14.64,238.4,228.3,236.5,235.7,224,225,209.4,212.5,203.5
178,17517457,5082182,CC1=C(C=C(C=C1)NC2=C(C(=O)C3=CC=CC=C3C2=O)NC(=O)C4=CC=CC=C4)Cl,Inactive,0,,,=,4.38,3.16,6.07,-2.122,23,0.9861,7,23.05,254.2,255.5,253.1,260.2,253.9,237.3,205.6,200.4,195.6
179,17508280,1172884,CCNC(=S)NC1=C(C=C(C(=C1)OCC)NC(=O)C2=CC=CS2)OCC,Inactive,0,,,,,,,,,,7,-1.28,258.4,263.9,266.9,262.2,264.7,262.2,252.8,253.7,261.7
180,24829524,135439916,CC1=CSC(=N1)/C(=C\2/C3=C(C=CC(=C3)F)NC2=O)/C#N,Inactive,0,,False Positive,=,4.56,0.29,72.76,-0.5209,33,0.9573,7,27.49,225.2,220.4,213.9,213.7,214.3,186.4,179.3,178.4,163.3
181,14733930,1017369,CC(C)(C)NC(=O)COC1=CC=C(C=C1)CNC2=CC3=C(C=C2)NC(=O)N3,Inactive,0,,,=,4.65,1.07,20.22,-0.709,18,0.9687,7,17.03,236,234.9,226.9,227.3,225.5,214,207.1,201.9,195.8
182,24786048,135460539,C1COCCN1S(=O)(=O)C2=C(C=CC(=C2)[N+](=O)[O-])N/N=C/C3=C(C(=C(C=C3)O)O)O,Inactive,27,,,=,4.66,1.89,11.49,-0.7047,40,0.9882,7,35.47,231.2,230,228.2,212.5,210.1,188.3,176.5,152,149.2
183,22404884,7125637,C1CC1NC(=O)C2=C(C3=C(S2)N=C4/C(=C\C5=CC=CO5)/CCC4=C3C6=CC=CO6)N,Active,58,,,=,4.67,2.34,9.31,-0.7537,65,0.9915,7,57.51,234.2,235,234.5,231.3,195.8,180.2,139.5,111.8,99.5
184,14731944,9550179,CCCCNC1=NC(=S)NC2=CC(=C(C=C21)OC)OC,Inactive,0,,,,,,,,,,7,10.51,244.5,238.1,240.7,228.8,232.8,228.9,228.2,226.1,218.8
185,17388550,1807333,CCOC1=CC=CC(=C1OCC2=CC=C(C=C2)Cl)CNC3=CC=C(C=C3)O,Inactive,0,,,,,,,,,,7,10.62,239.1,236,238.3,231.2,233.7,229.1,217,210.5,213.7
186,24789851,135446825,CCOC1=C(C=CC(=C1)/C=C/2\C(=C(C(=N2)C)C(=O)OC)O)O,Inactive,0,,,,,,,,,,7,2.35,251.5,250.3,253.4,250.4,249.7,248.8,247.1,244.1,245.6
187,3712357,2079240,CC1=CC=C(O1)/C=C/C2=CC3=C(C(C2)(C)C)SC(=C3C#N)NC(=O)CSC4=NNC(=N4)N,Inactive,0,,,,,,,,,,7,13.92,213.4,221.4,221.4,226.2,223.8,211.4,192.3,190.5,183.7
188,24835186,2096417,CCN(CC)C(=O)COC(=O)C1=CC(=NC2=CC=CC=C21)C3=CC=CO3,Inactive,0,,,=,4.95,0.51,47.64,-0.6438,26,0.9476,7,26.25,265.5,253.3,257.4,250.7,238.8,234.3,210.5,216.3,195.8
189,17505503,9639973,CN(C1=NS(=O)(=O)C2=CC=CC=C21)/N=C/C=C/C3=CC=CC=C3,Inactive,0,,False Positive,,,,,,,,7,13.16,224.1,225.9,236,223.9,230.1,207.1,210.5,194,194.6
190,22410442,2407524,COC1=CC(=CC(=C1O)OC)/C=C\2/C(=O)/C(=C/C3=CC(=C(C(=C3)OC)O)OC)/CC2,Active,38,,,=,5.13,2.16,12.17,-0.6764,51,0.9909,7,46.48,258.2,241.8,251.3,236.6,222.2,195.2,177.7,152.6,138.2
191,22404720,6311834,C1CC(OC1)CNC(=O)C2=C(C3=C(S2)N=C4/C(=C/C5=CC=CO5)/CCC4=C3C6=CC=CO6)N,Active,44,,,=,5.26,2.88,9.61,-0.8009,56,0.9927,7,50.85,222.8,221.4,222.4,209.8,193.7,182,139.7,122.9,109.5
192,24821804,1482788,COC1=CC2=C(N(C(=S)N=C2C=C1OC)CCCN3CCOCC3)N,Inactive,0,,,,,,,,,,7,13.84,237.7,234.9,240,235.6,234.9,216.3,220.8,205.6,204.8
193,22412538,846545,CC1=CC=C(O1)/C=C/2\C(=O)N(C(=O)N2)CC3=CC=CC=C3,Inactive,0,,,,,,,,,,7,8.61,255.5,241.1,251.4,253.4,254,244.3,239,232.3,233.5
194,17512367,6882735,CC1=CC(=CC=C1)OCC(=O)NCC(=O)N/N=C/C2=C(C=CC(=C2)Br)OCC3=CC=CC=C3,Inactive,0,,,=,5.73,4.6,7.14,-1.92,39,0.9942,7,39.55,244.5,242.9,244.5,236.7,240.7,220.6,172.3,154.9,147.8
195,24823681,6009770,C/C(=N/NC(=O)C1=CC(=C(C(=C1)O)O)O)/C2=CC=C(C=C2)[N+](=O)[O-],Inactive,0,,,=,5.96,2.93,12.13,-1.08,29,0.9783,7,27,257.8,262.6,262.6,262.3,241.6,238,210.8,194.2,188.2
196,24828682,4962043,COC1=CC=CC=C1N2C(=CNC2=S)C3=CC=CC=C3,Inactive,0,,,,,,,,,,7,11.66,233.3,232.6,236.9,247.8,239,227.6,214.2,202,206.1
197,22407264,2361698,CC1=NN(C(=C1/C=C(\C#N)/C(=O)N)Cl)C2=CC=C(C=C2)Cl,Inactive,0,,,,,,,,,,7,2.84,260.4,268.9,251.5,259.2,257.5,260.4,249.8,248.3,253
198,7978261,2925160,CCOC(=O)C1CCN(CC1)C(=O)NC2=CC3=C(C=C2)N=C(C(=N3)C4=CC=CO4)C5=CC=CO5,Active,49,,,=,6.65,1.82,24.27,-0.5491,66,0.9909,7,53.74,248.6,253,248.5,224.4,209.3,182.7,167.7,137.8,115
199,24784499,5522952,CCOC(=O)C1=C2C3=CC=CC=C3C(=O)C4=C2C(=CC=C4)NC1=O,Inactive,0,,,,,,,,,,7,9.02,223.9,229.3,231.6,225.1,221.6,219.5,211.5,208.9,203.7
200,14744435,2346399,CC1=CC=C(C=C1)C2=NNC(=S)N2C3=C(C=CC(=C3)OC)OC,Inactive,0,,,,,,,,,,7,-5.14,229.5,230.3,232,233.2,233,234.1,237.9,244.9,241.3
201,24804789,3155287,C=CS(=O)(=O)C1=C(C(=C(S1)Cl)N2CCOCC2)[N+](=O)[O-],Inactive,0,,,,,,,,,,7,11.68,249.2,265.5,255.4,250.5,254.8,251.4,230.5,230,220.1
202,22413802,5455628,COC1=CC=C(C=C1)N2C(=O)/C(=C/C3=CC=CS3)/NC2=S,Inactive,0,,,,,,,,,,7,-10.64,252.8,258.2,258.4,263.5,258.1,262.9,280.6,276.4,279.7
203,14739036,1329592,C1=CC=C(C=C1)CNC(=O)C2=CC3=C(C=C2)N=C(C(=N3)C4=CC=CO4)C5=CC=CO5,Active,14,,,=,7.44,3.48,15.88,-0.9383,41,0.9846,7,38.77,234.2,225.6,227.8,219.3,223.3,197.1,177.2,154.9,143.4
204,24788160,5774988,CCOC(=O)C1=C2C3=CC=CC=C3C(=O)C4=C(C=CC(=C42)NC1=O)Cl,Inactive,0,,False Positive,=,7.65,3.17,18.43,-0.7338,35,0.9904,7,29.35,248,250.7,251.4,245.7,240.7,220.9,203.3,191.4,175.2
205,14737500,4109389,CC1=CC(=CC(=C1)NS(=O)(=O)C2=CC3=C(C=C2)N(C(=O)N(C3=O)C)C)C,Inactive,0,,,,,,,,,,7,9.53,234.1,235.1,227.8,234.9,230.1,227,217.7,220,211.8
206,17508284,5409636,CCOC(=O)CSC1=NC(=O)/C(=C/C2=CC=C(C=C2)OC)/S1,Inactive,0,,,,,,,,,,7,10.35,251.2,256.2,261.5,256.9,256.7,246.3,239.8,227.9,225.2
207,17506133,6887771,CC1=CC=C(O1)/C=N/NC(=O)CSC2=NN=C(N2C3=CC=CC=C3)C4=CC=C(C=C4)Cl,Inactive,0,,,=,8.45,1.83,39.03,-0.9255,19,0.9461,7,16.54,253.3,261.5,255.6,259.9,251.2,242.9,229.6,223,211.4
208,17514260,12005789,CC1=CC(=NC(=N1)SCC2=CC(=O)C(=CO2)OC(=O)C3=CC(=C(C=C3)Cl)[N+](=O)[O-])C,Inactive,0,,False Positive,=,8.45,2.86,25.02,-0.8619,38,0.9776,7,34.7,254.2,249.8,247.4,241.5,240.7,225.9,197,180.5,166
209,17401910,135510954,COC1=C(C=CC(=C1)/C=N/NC2=NN3C=NN=C3C4=CC=CC=C42)O,Inactive,0,,False Positive,=,8.47,1.12,64.18,-0.4715,40,0.9881,7,29.15,250.1,247.3,238.6,236.3,220.4,215.9,203.6,183,177.2
210,17509129,5706152,CC1=CC=C(C=C1)C2=CC=C(O2)/C=C/C(=O)C3=CC=CC=C3,Inactive,0,,,=,8.47,3.58,20.02,-1.029,35,0.976,7,32,260,271.5,268,259.9,261.7,239.5,211.7,198.7,176.8
211,14740115,1331726,CC(=O)C1=CC=C(C=C1)NC(=O)C2=CC3=C(C=C2)N=C(C(=N3)C4=CC=CO4)C5=CC=CO5,Active,9,,,=,8.54,2.7,27.02,-1.063,41,0.9554,7,37.2,232,232.3,241.2,248.4,241.5,201.9,190.9,164.3,145.7
212,4265222,726956,C1=CC(=CC=C1OCC2=CC=C(O2)C(=O)NC3=NC=CS3)F,Inactive,0,,,,,,,,,,7,0.09,231.4,231.8,234.9,228.4,234.3,234.4,228.1,224.5,231.2
213,22415219,1278518,C1CN(CCN1C2=CC=CC=N2)C(=O)NC3=CC4=C(C=C3)N=C(C(=N4)C5=CC=CO5)C6=CC=CO6,Inactive,0,,,=,8.86,6.45,12.18,-1.422,39,0.9924,7,38.23,266.3,260.1,262.4,267.4,267.3,241.6,210.1,176.5,164.5
214,4263392,2214554,C1COCCN1C2=CC=C(C=C2)NC(=O)NC3=CC4=C(C=C3)N=C(C(=N4)C5=CC=CO5)C6=CC=CO6,Inactive,0,,,=,8.89,1.35,58.74,-0.7424,18,0.9597,7,15.71,257.8,251.8,257,259.4,249.4,244.1,231.6,228.2,217.3
215,17510533,697303,CC1=C(N2C=CC=NC2=N1)C3=CSC(=N3)NC4=CC=CC=C4,Inactive,0,,,=,8.93,4.78,16.66,-1.755,20,0.9563,7,20.49,234.8,230,231.3,228.3,220,223.1,205.8,182.6,186.7
216,14719120,7314627,CNC1=CC=C(C=C(C1=O)C(=O)/C=C/C2=C(C=CC(=C2)OC)OC)Br,Inactive,0,,,=,8.97,1.94,41.51,-1.078,22,0.9188,7,20.19,259.5,254.3,260.7,243,247.4,239.7,231,201.2,207.1
217,17431554,9564545,CC1=CC(=C2C=CC=C(C2=N1)OC)SCC(=O)N/N=C/C3=CC=CC=C3,Inactive,0,,,,,,,,,,7,3.05,249.5,256.4,251.9,247.4,257,249.2,246.4,242.9,241.9
218,22402822,9663934,C1=CC=C(C(=C1)/C=N/NC2=C3C=CC(=CC3=NC=C2)Cl)Br,Inactive,0,,,=,9.15,8.37,10,-2.405,39,0.9984,7,36.96,255.7,254.9,257,259.9,256.1,249.4,201.1,161.2,0
219,842476,644740,CC1=CC(=NC=C1)NC2=NC(=CS2)C3=C(N=C4N3C=CS4)C,Inactive,0,,,,,,,,,,7,8.68,233.8,241.2,242.4,232.4,242,229.9,226.1,215.7,213.5
220,14721060,1072898,C1CC1NC(=O)NC2=CC3=C(C=C2)N=C(C(=N3)C4=CC=CO4)C5=CC=CO5,Inactive,0,,False Positive,=,9.26,4.81,17.82,-0.7932,62,0.994,7,54.64,252.4,253.5,247.1,239.4,231.6,211.7,164.1,144.2,114.5
221,24805078,802809,C1=CC2=C3C(=C1)NC(=NC3=CC=C2)C4=CC=C(C=C4)F,Inactive,0,,,=,9.27,3.89,22.11,-1.416,21,0.947,7,18.11,254,257.6,253.9,255.1,248.4,244.2,232.5,202.1,208
222,24787829,2234203,COC1=C(C=C(C=C1)C(=O)NC(=S)N2CCNC(=O)C2)Br,Inactive,0,,,,,,,,,,7,-5.69,259.9,259.2,259.7,257.6,257,267.5,266.3,270.7,274.7
223,24805234,376355,C1=CC2=C3C(=C1)NC(=NC3=CC=C2)C4=CC=CO4,Inactive,0,,,=,9.76,7.48,12.73,-3.115,25,0.9743,7,24.66,266.4,261.9,257.6,261.8,252.6,253.8,227.4,192.3,200.7
224,24828875,2322352,C1=CC=C(C=C1)CNC(=O)COCC(=O)NCC2=CC=CC=C2,Inactive,0,,,,,,,,,,7,-2.56,257.5,251.8,256.7,257.7,253.8,253.7,260.7,264.5,264.1
225,860976,662251,CCOC1=CC=C(C=C1)C2=NN3C(=NN=C3SC2)C4=CC=CC=N4,Inactive,0,,,,,,,,,,7,11.67,266.5,259.9,263.6,252.2,253.5,258.3,244.8,232.6,235.4
226,4258586,755971,CCOC1=CC=C(C=C1)CNC2=CC=C(C=C2)N3CCCC3,Inactive,0,,,,,,,,,,7,8.78,224.3,224.3,230.5,221.7,228.2,226,215.6,207.9,204.6
227,22406242,1257929,CC1=NC2=C(S1)C=C(C=C2)NC(=O)CC3=CC(=C(C=C3)OC)OC,Inactive,0,,,,,,,,,,7,0.12,244.4,239,241.7,241.5,242,242.2,243.6,245.5,244.1
228,4260946,1982054,C1=CC=C(C=C1)/C=C/CSC2=NN=C(N2CC3=CC=CO3)C4=CC=CC=N4,Inactive,0,,,,,,,,,,7,-4.35,250.3,252,255.8,256.6,252.4,251.6,259.2,270,261.2
229,7976565,2880344,CC1=CC2=C(C=C1)OC(=N2)C3=C(C=C(C=C3)NC(=O)CC4=CC(=C(C=C4)OC)OC)O,Inactive,0,,,=,10.03,8.13,12.37,-1.91,34,0.994,7,34.21,246.4,250.2,242.7,248.4,249.6,241,203.7,174.8,162.1
230,22406214,135521588,CN=C1N(C(=CS1)C2=CC=CS2)/N=C/C3=C(C(=C(C=C3)O)O)O,Inactive,0,,,,,,,,,,7,15.2,222.3,244.4,230.5,224.5,213.3,220.5,206.7,189.2,188.5
231,17431626,5334380,C1=CC=C(C=C1)C(=O)/C=C/C2=CC=C(O2)C3=CC=CC=C3[N+](=O)[O-],Inactive,0,,,,,,,,,,7,10.33,248.8,260.7,249.5,246.2,247.9,244.1,233.8,225.6,223.1
232,865088,666339,C1CCC2C3(CC4=C(N2CC1)N=C5C=CC=CN5C4=O)C(=O)NC(=O)N(C3=O)CC6=CC=CC=C6,Inactive,0,,,,,,,,,,7,10.11,252.3,245.5,242.7,252.9,242.6,235.6,241.4,222.1,226.8
233,14731506,6240448,CN(CC(=O)O/N=C(/C1=CC=C(C=C1)[N+](=O)[O-])\N)S(=O)(=O)C2=CC=CC=C2,Inactive,0,,,,,,,,,,7,-2.55,254.7,257.6,250,249.3,263.2,252.3,257.1,263.6,261.2
234,24808407,2850517,C1C2CC3CC1CC(C2)(C3)C(=O)NNC(=O)C4=CC=CO4,Inactive,0,,,,,,,,,,7,-0.92,238.1,230.5,243.8,229.6,235.4,235.1,237.1,241.6,240.3
235,14730815,1331611,C1=CC(=CC(=C1)NC(=O)C2=CC3=C(C=C2)N=C(C(=N3)C4=CC=CO4)C5=CC=CO5)C(F)(F)F,Inactive,0,,,=,10.86,2.49,47.32,-0.7409,43,0.9785,7,37.14,255.5,261.2,245.7,241.4,244,224.7,195,184.3,160.6
236,14730689,1177166,CC1=C(C(=O)N(N1C)C2=CC=CC=C2)NC3=C(C(=O)N(C3=O)C4=CC=CC=C4Cl)Cl,Inactive,0,,,,,,,,,,7,9.28,249,254.3,249.5,252.4,246.2,249.3,239.1,227,225.9
237,24780952,4375033,C1C(=O)NC2=C(S1)C=CC(=C2)C(=O)NC3=CC(=CC=C3)S(=O)(=O)NC4=CC=C(C=C4)Br,Inactive,0,,,,,,,,,,7,-1.9,236.6,237,238.8,235.5,235.3,237.6,238.6,256.4,241.1
238,856243,657613,CN1C2=C(N=C1OCC3=CN=CC=C3)N(C(=O)N(C2=O)CC4=CC=CC=C4)C,Inactive,0,,,,,,,,,,7,3.9,248.8,248.7,252.1,246.3,247.6,242.6,245,238.5,239.1
239,853195,655850,CC(=O)OC1=C(C=C(C=C1)C2NC3=CC=CC4=C3C(=CC=C4)N2)OC,Inactive,0,,,=,11.38,7.66,16.89,-2.562,27,0.9711,7,26.87,246.7,238.4,237.1,241.5,243.6,231.3,216.2,176.8,180.4
240,17514305,2892892,COC1=CC(=C(C=C1)OC)N2C(=O)C3=CC=CC=C3C4=CC=CC=C4C2=O,Inactive,0,,,,,,,,,,7,17.87,230.6,232,224.9,229.6,229.4,221.9,220.2,182.9,189.4
241,17513860,135517141,CC1=CC=C(C=C1)C(=O)N/N=C\2/NC(=O)CC(S2)C(=O)NC3=CC=CC=C3,Inactive,0,,,,,,,,,,7,4.92,248.2,243.1,239.1,234.5,247,243.8,242.2,229.8,236
242,861615,135441828,CC1(CC(=C(C(=O)C1)C=NCCN2CCN(CC2)CCC3=CC=CC=C3)O)C,Inactive,0,,,,,,,,,,7,-4.44,218.4,225.3,220.6,219.5,220.1,219.4,222.2,231.4,228.1
243,4248535,3242602,C1C(=NN2C(=NN=C2S1)C3=CN=CC=C3)C4=CC=CS4,Inactive,0,,,,,,,,,,7,4.6,226.1,231.3,233.8,232.2,229.7,224.2,226.3,215.2,215.7
244,14744853,2307365,CC1=CN=NN1C2=CC=C(C=C2)C(=O)CCl,Inactive,0,,,,,,,,,,7,12.47,254.2,241.3,252.1,251,247.3,251,249.1,188.2,222.5
245,14746993,2347431,CCN(CC)C1=CC=C(C=C1)NC2=NC3=CC=CC=C3C(=N2)N4CCOCC4,Inactive,0,,,,,,,,,,7,14.65,241,240.2,238.3,232.4,234.5,221,219.3,217.3,205.7
246,17515666,2151868,COC1=CC(=C(C=C1)N2C(=O)C3=CC=CC=C3C4=CC=CC=C4C2=O)OC,Inactive,0,,,=,13.42,5.05,35.65,-1.8,19,0.9091,7,17.2,226.1,231.7,236.9,234.5,224,228.2,213.3,193.9,187.2
247,4243820,3238500,COC1=C(C=C(C=C1)CCNC(=O)C2=CC3=C(C=C2)N=C(C(=N3)C4=CC=CO4)C5=CC=CO5)OC,Inactive,0,,,=,13.58,5.56,33.18,-0.8094,45,0.991,7,37.6,249.5,252.8,253.8,242.2,238.6,224.8,198.1,179.5,155.7
248,14736778,1068432,CCOC(=O)C1=C(C(=O)C2=CC=CC=C2C1=O)CC3=CC=C(C=C3)OC,Inactive,0,,,=,13.6,3.31,55.95,-1.049,23,0.9498,7,20.02,255.3,253.1,264.1,258.2,251.3,248.6,231.3,216.5,204.2
249,14744983,109673,CC1=C(C=CC(=C1)N)N2CCCC2.Cl,Inactive,0,,,=,13.73,0.99,189.8,-0.6299,118,0.9665,7,96.98,244.9,259.8,251.3,237.5,222,162.9,97.1,101.2,7.4
250,22404742,15945006,C1COCCN1C2=NC(=[N+](S2)C3=CC=CC=C3)C4=CC=CC=C4.[O-]Cl(=O)(=O)=O,Inactive,0,,,=,13.75,7.22,26.18,-2.957,15,0.9454,7,16.09,232.5,226.5,232.7,231.4,227.8,233.8,219.4,199.2,195.1
251,17432852,807202,C#CCN1C=C(C2=CC=CC=C21)C=C3C(=O)C4=CC=CC=C4C3=O,Inactive,0,,,=,13.78,11.49,16.54,-2.246,53,0.9955,7,52.37,219.6,223.3,216.4,218.3,223.8,220.4,180.6,121.6,104.6
252,22410790,135401277,CCN(CC)S(=O)(=O)C1=CC=CC(=C1)C(=O)N/N=C/C2=C(C(=C(C=C2)O)O)O,Inactive,0,,,,,,,,,,7,29.48,266.6,260.1,264.6,245.4,239.7,234,218.4,201.3,188
253,4245216,3239711,C1=CC=NC(=C1)CNC(=O)C2=CC3=C(C=C2)N=C(C(=N3)C4=CC=CO4)C5=CC=CO5,Inactive,0,,,=,14.1,2.55,77.84,-0.7588,51,0.9745,7,43.27,237.8,240.4,232.1,240.1,226,208.2,176.7,170.5,134.9
254,3717019,1990994,C/C(=C\C1=CC=CO1)/C2NC3=CC=CC4=C3C(=CC=C4)N2,Inactive,0,,,=,14.24,7.89,25.73,-0.9425,31,0.9937,7,27.07,229.8,226.6,227.9,228.8,222.5,217.2,197,183.2,167.6
255,14731556,762708,COC1=CC2=C(C=C1)N=C(C(=N2)C3=CC=CO3)C4=CC=CO4,Inactive,0,,,=,14.39,4.93,41.94,-0.806,47,0.9878,7,37.78,244.3,252.7,249,246.1,241.4,224,196.2,179.1,152
256,24814555,6622009,C1CCN(C1)C(=O)C2=CC=C(C=C2)CNS(=O)(=O)C3=CC=C(C=C3)Br,Inactive,0,,,,,,,,,,7,1.1,236.6,245.9,238.3,242.5,245.4,244.7,240.4,235.1,234
257,17515159,700189,CC1=C(C=CC(=C1)OCC2=CN3C=CC=NC3=N2)Cl,Inactive,0,,,,,,,,,,7,22.53,253,247.8,254,250.4,239.7,232.5,223.2,209.2,196
258,22412726,8219205,C1=CC=C(C(=C1)/C=C/C(=O)C2=C(C(=O)C=CC=C2)O)Cl,Inactive,0,,,=,14.95,10.58,21.13,-1.819,39,0.9877,7,36.77,215.1,219.3,221.1,221.7,223.4,221.1,189.4,154.9,136
259,17401932,1192536,CCOC(=O)C1=NC2=CC=CC=C2C(=N1)NC3=CC=C(C=C3)C(=O)OC,Inactive,0,,,=,15.17,9.25,24.89,-3.469,16,0.9718,7,17.49,257.8,255.6,248.9,249,252.8,252.3,245.3,215.5,212.7
260,14746281,135446674,C1=CC=C(C=C1)C(=O)N/C(=C\C2=CC=C(C=C2)[N+](=O)[O-])/C(=O)N/N=C/C3=C(C(=C(C=C3)O)O)O,Inactive,0,,,,,,,,,,7,31.44,258.3,253.3,249.3,245.5,238,220.4,209.6,201.3,177.1
261,4261900,2208027,C=CCN1C(=NN=C1SCC(=O)NC2=CC3=C(C=C2)OCO3)C4=C(C=CC(=C4)Br)O,Inactive,0,,,=,15.79,5.61,44.43,-1.189,16,0.9635,7,15.2,249.3,248.4,243.8,249.6,249.2,240.4,233.6,219.6,211.4
262,7977540,778626,CC1=CC=C2N1CCN3C2=CC(=C3)C,Inactive,0,,,=,15.91,3.19,79.41,-0.7106,60,0.9833,7,47.32,257.6,259.4,243.6,248.5,234.4,218.4,193.6,157.7,135.7
263,24780913,1037240,C1=CC=C(C=C1)C(=O)C2=CC3=C(C=C2)N=C(C(=N3)C4=CC=CO4)C5=CC=CO5,Inactive,0,,,=,15.97,4.65,54.88,-0.8898,49,0.9796,7,40.43,241.4,253.7,244.3,246.8,235.1,230.3,190.5,175.7,143.8
264,11532952,6852389,CN1CCC2=C3[C@@H]1CC4=C(C3=CC=C2)C(=C(C=C4)O)O.Cl,Inactive,0,,,=,16.07,10.1,25.58,-1.329,54,0.9896,7,48.43,245.7,253.2,260.1,247.8,253.8,241.6,204.4,157.5,126.7
265,17509145,12004742,CC/C(=C\C1=[N+](C2=C(S1)C=CC(=C2)OC)CCO)/C=C\3/N(C4=C(S3)C=CC(=C4)OC)CCO.[Cl-],Inactive,0,,,=,16.06,13.6,18.97,-1.979,68,0.9967,7,66.45,227.1,228.7,228.5,235.8,229.5,231.3,184,107.5,76.2
266,24816927,2840530,CN(C)C1=C(C=C(C=C1)C=C2C(=O)NC(=O)NC2=O)[N+](=O)[O-],Inactive,0,,,=,16.39,3.23,83.14,-0.9718,30,0.9553,7,24.14,224.1,225.2,236.1,224.8,233.6,215.3,202,187.4,170
267,17504132,1380424,CCN(CC)C1=CC=C(C=C1)NC2=C(C(=O)C3=CC=CC=C3C2=O)Cl,Inactive,0,,,,,,,,,,7,22.78,261.6,253.5,249.7,242.4,236.3,229.1,223.1,219.7,202
268,17433912,5738904,CC1=CC=C(C=C1)/C=C/2\CCCC3=C2NC(=S)NC3C4=CC=C(C=C4)C,Inactive,0,,,,,,,,,,7,5.22,232,229,224.6,236.4,223.6,229.7,226.1,221.6,219.9
269,22405760,4112523,C1=CC=C(C=C1)C(=O)NC2=C(C(=O)C3=CC=CC=C3C2=O)NC4=CC=C(C=C4)Cl,Inactive,0,,,=,17.85,9.7,32.85,-1.452,21,0.9783,7,20.52,238.8,234.3,241.8,234.7,239,234.3,220.4,202.7,189.8
270,22413185,15945682,C1CC2=CC3=C(CCC3)C(=C2C1)CCCN4CCN(CC4)CCO.Cl,Inactive,0,,,=,17.85,7.48,42.6,-3.753,21,0.9099,7,22.29,236.9,235.2,241.5,233.6,233.1,221.1,227.1,188.7,184.1
271,17504573,777097,C1=CC2=C3C(=C1)NC(=NC3=CC=C2)C4=CC=C(C=C4)N,Inactive,0,,,=,18.07,8.17,39.97,-4.037,28,0.9311,7,29.43,252.8,253.8,252.9,246.9,241.5,229.9,242.9,184.6,178.4
272,17504780,1113009,C1=CC2=C(C=C1N=CC3=C(C=CC4=C3C=CC(=C4)Br)O)NC(=O)N2,Inactive,0,,,,,,,,,,7,19.54,265.1,259.2,253.8,258,247.1,250.3,237,219.6,213.3
273,14725449,573876,COC1=CC=C(C=C1)NC(=O)C2=CC=CS2,Inactive,0,,,,,,,,,,7,-6.2,204.8,197.5,203.6,201.4,201.9,210.1,209.1,212.3,217.5
274,22405324,7314608,CC1=CC(=C(C=C1)C)/C=C/C(=O)C2=C(C(=O)C=CC=C2)O,Inactive,0,,,=,19.38,6.4,58.71,-0.9253,46,0.9842,7,35.94,235.7,243.8,242.1,238.7,241,228.5,199.6,179.1,151
275,24782350,4654931,C1CS(=O)(=O)CC1NC2=C(C(=O)C3=CC=CC=C3C2=O)NC(=O)C4=CC=CC=C4,Inactive,0,,,=,19.65,10.98,35.16,-2.476,22,0.945,7,22.25,250.8,244.8,252.1,252.7,251.5,237,242.9,206,195
276,17433347,755997,CCOC1=CC=CC=C1N2C(=O)C3=CC=CC=C3C4=CC=CC=C4C2=O,Inactive,0,,,,,,,,,,7,7.27,253,251.4,254.7,253.3,246.7,248.7,249.5,237.8,234.6
277,864349,665597,C1CCCN(CC1)C2=NC(=NC3=CC=CC=C32)C4=CC=CC=N4,Inactive,0,,,=,19.81,11.28,34.81,-2.27,19,0.9518,7,19.15,230.8,222.9,225.4,232.3,228.1,231,220.7,197,186.6
278,16952768,2331540,CC1=CC(=C[N+](=C1)C2=NC3=CC=CC=C3N=C2C(=C=[N-])C#N)C,Inactive,0,,,,,,,,,,7,3.72,252.5,246.7,254.9,253.3,258.8,247.1,250.5,245.1,243.1
279,24813565,3122089,C1=CC(=C(C=C1Cl)C2=CC=C(O2)C=C3C(=O)NC(=O)NC3=O)[N+](=O)[O-],Inactive,0,,,,,,,,,,7,24.97,241.9,227.7,225.3,235.8,223.8,219.1,202.8,198.8,181.5
280,22405312,6974996,CCN=C1N(C(=O)/C(=C/C2=CC(=C(C=C2OC)N3CCCC3)OC)/S1)CC,Inactive,0,,,,,,,,,,7,6.06,230.9,240.4,248,241.3,236.7,232.6,230.8,223.2,216.9
281,22404596,4361310,CCN(CC)C1=C(C=C(C=C1)NC(=O)COC2=CC=CC=C2C)S(=O)(=O)NC3=CC=CC=C3OC,Inactive,0,,,,,,,,,,7,-7.2,252.9,256.9,261.3,256.1,257.8,258.9,259.2,267.6,271.1
282,24826688,6364517,CCN\1C2=CC=CC=C2S/C1=C\C(=C\C3=[N+](C4=CC=CC=C4S3)CC)\C.[I-],Inactive,0,,,=,22.35,16.73,29.85,-1.623,68,0.9936,7,63.87,232.5,222.4,224,220.1,222.7,211.4,195,125,84
283,11532927,54679406,C[C@@]1(C2CC3[C@@H](C(=O)C(=C([C@]3(C(=O)C2=C(C4=C1C=CC=C4O)O)O)O)C(=O)NCN5CCCC5)N(C)C)O,Inactive,0,,,=,23.67,9.47,59.15,-0.7508,48,0.9954,7,35,255.4,258.9,258.8,252.1,247.2,231.8,217.9,188.4,166
284,24814638,5048736,CC1=CC(=CC(=C1)N2C(=NC3=C2C=CC(=C3)C(=O)O)C)C,Inactive,0,,,,,,,,,,7,4.8,260.6,256.3,259,251.7,257.4,259.5,254.8,251.1,248.1
285,24789686,135460613,CC1=CC(=C2C=CC=C(C2=N1)OC)SCC(=O)N/N=C/C3=C(C=C(C=C3)O)O,Inactive,0,,,=,24.13,5.89,98.85,-1.143,25,0.9591,7,20.07,223.2,225.6,225.3,222.3,226.6,214.8,212.7,190.9,178.4
286,17504052,2829946,CC(C)(C)C(=O)NC(C(Cl)(Cl)Cl)NC(=S)NC1=CC=C(C=C1)S(=O)(=O)N,Inactive,0,,,,,,,,,,7,-5.45,251.4,249.9,254.6,258,248.3,257.2,254.3,262.2,265.1
287,17515004,5012608,CCC1=C(C(=CC=C1)CC)NC(=S)N2CCN3C=CC=C3C2C4=CN=CC=C4,Inactive,0,,,,,,,,,,7,-5.22,225.9,224.2,226,225.7,227.6,226.2,230.1,233.8,237.7
288,14721103,684642,C1COCCN1C2=NC(=NC(=N2)NCC3=CN=CC=C3)Cl,Inactive,0,,,=,24.93,15.28,40.67,-1.115,92,0.9955,7,76.3,241.4,233.2,245.1,234.7,229.3,217.4,178.2,113.9,57.2
289,22416866,2892955,CNC(=O)CC1C(=O)N(C(=S)N1NC(=O)C2=CC(=CC=C2)F)CC3=CC=CC=C3,Inactive,0,,,,,,,,,,7,-9.61,222.8,224.5,229.2,219.7,229.4,231.3,228.5,239.1,244.2
290,24815475,7190519,C1=CC=NC(=C1)C2=NN=C3N2N=C(C=C3)SCC(=O)NC4=NC=CS4,Inactive,0,,,,,,,,,,7,25.79,253.6,250.5,251.5,252.9,239.4,233.1,230.8,194.3,188.2
291,24821626,1482685,COC1=CC2=C(N(C(=S)N=C2C=C1OC)CCC3=CC=CC=C3)N,Inactive,0,,,,,,,,,,7,24.67,233.9,231.3,230.9,230.1,218.9,205.6,208.3,189.9,176.2
292,17432363,1358325,CC1=CC=C(O1)C2=NC3=CC=CC=C3C(=C2)C(=O)NC4=NC=CS4,Inactive,0,,,,,,,,,,7,9.34,213,210.3,214,212.5,215.4,216.6,216,194.9,193.1
293,17432630,376354,C1=CC=C(C=C1)C2=NC3=CC=CC4=C3C(=CC=C4)N2,Inactive,0,,,=,26.46,2.78,252,-1.032,23,0.9358,7,18.92,243.6,244.1,239.8,243.3,232.7,233.9,228.8,208.5,197.5
294,22412786,1069019,CCOC(=O)C1=C(SC2=C1C(=CC(=C2O)Br)Br)NC(=O)C,Inactive,0,,,,,,,,,,7,14.98,251.7,251.3,260.9,263.2,255.7,252.8,253.3,229.2,214
295,24805705,5751662,C1=CC=C(C=C1)N2C(=O)/C(=C\C3=CC=CO3)/NC2=S,Inactive,0,,,=,27.23,8.95,82.84,-1.266,25,0.9698,7,20.87,253.5,250.5,255.6,252.8,257.7,254,235.1,221.9,200.6
296,4241639,3236588,CN(C)C(=O)N1CCC(CC1)C(=O)NC2CCCCCCC2,Inactive,0,,,,,,,,,,7,-2.87,233.8,235.8,233,237,228.1,234.7,232,239.2,240.5
297,14722854,2043339,COC1=C(C=C(C=C1)S(=O)(=O)NCCSC2=CC=C(C=C2)Cl)OC,Inactive,0,,,,,,,,,,7,-1.31,258.9,254.6,249.9,261.9,255.5,251.9,254,261.7,262.3
298,14745530,9679909,CCN1C(=C(C2=CC=CC=C21)/C=N/NC3=NC4=CC=CC=C4S3)C,Inactive,0,,,,,,,,,,7,3.31,247.6,251.6,244,250.2,249.1,253.2,256,240.1,239.4
299,859339,660641,CC1(CC2=C(CO1)C(=NC3=C2C4=C(S3)C(=NC=N4)SCC(=O)OC)C5=CC=CO5)C,Inactive,0,,,=,27.64,6.52,117.2,-1.413,22,0.9246,7,17.59,258.6,274,265.9,258.6,261.7,264.9,249.6,232.3,213.1
300,17504521,12004519,CC(=O)OCCNC1=C(C2=NON=C2C(=C1)SC3=NC4=CC=CC=C4N3)[N+](=O)[O-],Inactive,0,,,,,,,,,,7,13.66,251.8,254.9,242.9,242.3,242.4,235.9,233,219,217.4
301,24798634,16190305,CC1=CC(=NO1)C2=NN=C(O2)CCC(=O)NC(C)C3=CC=CC4=CC=CC=C43,Inactive,0,,,,,,,,,,7,-5.85,237.6,241.6,237.9,239.6,236.6,236.4,235.1,248.3,251.5
302,24809038,776370,C1CCN(C1)C2=C3C4=C(C5=CC=CC=C5C3=O)ON=C4C=C2,Inactive,0,,,=,27.92,11.87,65.68,-0.7824,115,0.9961,7,84.6,253.3,255.8,251.7,256.1,239.2,211.2,158.4,108.7,39
303,4261439,893110,C1CC2=C(C1)N=C3C(=C2C4=CC=CO4)C(=C(S3)C(=O)N)N,Inactive,0,,,,,,,,,,7,5.67,236.2,240.4,231.4,233.3,235.2,235.8,230.7,227.7,222.8
304,17409254,1115482,C1=CC=C2C(=C1)N=CC(=N2)C3=CC=C(C=C3)OC(=O)C4=CC(=CC=C4)[N+](=O)[O-],Inactive,0,,,,,,,,,,7,5.08,234.3,233.9,224.8,233,236.3,228.6,234.3,224.8,222.4
305,864135,6400963,CC1=CC2=C(C=C1)N(C3=C2N=NC(=N3)SC)CC4=CC=CC=C4,Inactive,0,,,=,29.43,20.98,41.3,-2.172,37,0.981,7,34.04,220.6,225.5,227.9,229.2,218.4,227.8,215.7,178.8,145.5
306,24787192,135460565,CC1=CC(=C2C=C(C=CC2=N1)OC)SCC(=O)N/N=C/C3=CC(=C(C=C3)O)O,Inactive,0,,,,,,,,,,7,20.32,226.9,227.2,230,227.8,227.3,216.7,229.4,195.8,180.8
307,864226,665473,CC1=CC(=NN1)C2=NN=C3N2N=C(CS3)C4=CC=C(C=C4)C5=CC=CC=C5,Inactive,0,,,,,,,,,,7,14.23,229.1,221.8,229.8,232.1,232.7,223.3,216.2,209.8,196.5
308,24809714,5440098,CCOC(=O)CSC1=NC(=O)/C(=C/C2=CC=C(C=C2)Br)/S1,Inactive,0,,,,,,,,,,7,2.88,232.7,235.2,230.5,238.6,237,233.2,237.3,229.3,226
309,24816176,9624494,CCOC1=CC=CC=C1/C=N/NC(=O)CNC(=O)COC2=CC=CC=C2,Inactive,0,,,,,,,,,,7,14.57,250.6,250.3,248.1,254.2,252.2,251.6,253,228.7,214.1
310,22411775,185478,CC1=CC(=O)C2=C(C1=O)C=CC=C2OC,Inactive,0,,,,,,,,,,7,13.07,231.8,229.9,229,231.5,234.4,224.2,231.2,212.6,201.5
311,22413709,3350013,CC(C)C1=CC=C(C=C1)C2CC(=NN2C(=S)N)C3=CC=C(C=C3)Br,Inactive,0,,,,,,,,,,7,7.1,256.2,252.5,251.2,253.8,259.7,249.7,254.3,245,238
312,17513066,5926970,CC1=CC=CN2C1=NC(=C(C2=O)/C=C(\C#N)/C(=O)NC)N(CC3=CC=CC=C3)CC4=CC=CC=C4,Inactive,0,,,,,,,,,,7,2.18,243.4,244.3,249.6,243.1,243.4,242.8,244.2,241,238.1
313,17515299,12005992,CC1=NC(=NC=C1)SCC2=CC(=O)C(=CO2)OC(=O)C3=CC(=C(C=C3)Cl)[N+](=O)[O-],Inactive,0,,,,,,,,,,7,24.42,217,214.4,216.3,220.8,223.9,214.2,195.6,187.2,164
314,22415498,2921314,CC1(CC1(Cl)Cl)C(=O)NC2=CC(=CC=C2)N(C)C,Inactive,0,,,,,,,,,,7,2.96,249.9,243.5,253.8,261.5,259.3,250.2,257.6,249.4,242.5
315,14736243,935619,CCOC1=C(C=CC(=C1)S(=O)(=O)N2CCCCC2)F,Inactive,0,,,,,,,,,,7,-0.63,239.8,232.9,230.8,228.6,229.7,238,228.2,235.8,241.3
316,24802740,704473,CC1=CC(=CC=C1)NC2=NC(=CS2)C3=CC=NC=C3,Inactive,0,,,,,,,,,,7,-6.45,227.9,228.9,231,231.1,230.5,229.4,225.5,234.4,242.6
317,4245711,715715,COC1=CC(=CC(=C1OC)OC)N=C2C(=NSS2)Cl,Inactive,0,,,,,,,,,,7,7.17,246.8,251.7,249.3,254,258.2,259.7,259.1,244.2,229.1
318,14724459,9549490,C1=CC(=CC=C1N)NC2=NC(=CS2)C3=CC=NC=C3.Br,Inactive,0,,,,,,,,,,7,4.22,225.3,230.9,227.2,237.9,225.6,229,231.8,224.2,215.8
319,14747130,727351,CC1=NC(=S)C2=CC=CC=C2N1,Inactive,0,,,,,,,,,,7,2.47,222.4,222.5,223.3,221.2,219.4,221.6,223.7,220,216.9
320,24834248,2453689,C1=CC=C(C=C1)C(=O)OCC(=O)C2=CC=CN2,Inactive,0,,,,,,,,,,7,1.53,229.5,232.2,231.1,230.2,230.4,225.2,234.5,229.3,226
321,22405334,7314662,COC1=CC=C(C=C1)/C=C/C(=O)C2=C(C(=O)C=CC(=C2)Br)O,Inactive,0,,,=,33.58,10.23,110.3,-1.406,42,0.9619,7,33.97,224.3,229,235.9,227.3,229.1,223.5,210.5,181.3,148.1
322,24823414,9679305,CC1=CC=C(O1)/C=N/N(C)C2=NS(=O)(=O)C3=CC=CC=C32,Inactive,0,,,,,,,,,,7,8.7,213.8,220.7,219.1,223.1,217.3,214.3,210.8,203.3,195.2
323,851649,654233,CCN1C(=NN=C1SCC(=O)NC2=CC=CC=C2C3=CC=CC=C3)C4=C(OC=C4)C,Inactive,0,,,,,,,,,,7,-7.93,223.2,224.5,228.9,224.9,228.4,225,226.1,232.4,240.9
324,22400412,3732532,C1C2CC3CC1CC(C2)(C3)C4=CSC(=N4)NC(=O)C(=O)NCC5=CC=CC=C5,Inactive,0,,,,,,,,,,7,-2.92,229.3,222.7,232.4,225.1,233.9,230.2,227,230.6,236
325,24828256,2471919,CC1=NC2=CC=CC=C2C(=C1)C(=O)NCCCN(C)C,Inactive,0,,,,,,,,,,7,3.66,243.1,247.1,251.1,246.9,243.7,235,249.5,242.7,234.2
326,17515343,5708162,C1=CC=C(C=C1)C2=CC=C(O2)/C=C\C(=O)C3=CC=CC=C3,Inactive,0,,,=,34.91,7.6,160.5,-0.6649,76,0.9938,7,51.99,258.3,254.2,252.7,249.8,232.5,222.4,193.9,162.7,124
327,14729238,1472216,COC1=NC=C(C=C1)NC(=O)/C(=C(\S(=O)CC2=CC=CC=C2)/Cl)/Cl,Inactive,0,,,,,,,,,,7,2.68,220.4,224.3,232,230,224.5,225.2,222,219.1,214.5
328,17505524,1989678,CCN1C=C/C(=C\C=C/2\C(=O)N(C(=S)S2)CC)/C3=CC=CC=C31,Inactive,0,,,=,35.33,7.81,159.7,-0.9411,58,0.9841,7,41.11,244.7,250,247.7,246.8,243.2,224.9,222.2,175.2,144.1
329,7972200,783279,CC1=CC=C(O1)C2=C(C(=S)NC3=C2CCCC3)C#N,Inactive,0,,,,,,,,,,7,20.49,261.1,257.9,254.4,253.7,260.8,262.6,259.5,241.8,207.6
330,22404741,15945005,CC1=CC=C(C=C1)C2=[N+](SC(=N2)N3CCOCC3)C4=CC=CC=C4.[O-]Cl(=O)(=O)=O,Inactive,0,,,,,,,,,,7,19.67,261.8,253,255.5,252.9,265.7,249.5,234,231.1,210.3
331,4258186,2213073,C1=CC=C(C=C1)NC(=O)C2=CC3=C(C=C2)N=C(C(=N3)C4=CC=CO4)C5=CC=CO5,Inactive,0,,,=,36.49,11.26,118.3,-0.9955,53,0.9889,7,39.51,236.4,233.8,227.6,232.7,229.6,228,203.4,177.8,143
332,24812748,56642910,C1=CC=C2C(=C1)C(=NS2(=O)=O)N(CCO)/N=C/C3=CC=NC=C3.Cl,Inactive,0,,,,,,,,,,7,28.54,243.9,244.9,239.9,231.6,236.3,217.2,206.2,195.2,174.3
333,22404967,14009223,CC1=CC2=CC(=C(C=[N+]2C=C1)C3=CC(=CC=C3)[N+](=O)[O-])C4=CC(=CC=C4)[N+](=O)[O-].[Br-],Inactive,0,,,,,,,,,,7,24.46,249.4,250,255.7,250.5,244.5,257.3,250.7,234.5,188.4
334,858057,659413,C1=CC=C2C(=C1)C3=C4C(=NO3)C=CC(=C4C2=O)NCC5=CC=CO5,Inactive,0,,,=,37.83,5.6,255.4,-0.7473,92,0.9876,7,61.8,228,237.9,234.5,233.2,217.3,207.8,166.3,140.5,87.1
335,22406344,135521591,COCCN=C1N(C(=CS1)C2=CC=CS2)/N=C/C3=C(C(=C(C=C3)O)O)O,Inactive,0,,,,,,,,,,7,25.35,235.9,234.1,229.2,227.3,220.9,213.1,207.1,187.6,176.1
336,17509103,856019,C1=CC2=C(C=CC=N2)C(=C1)NC(=O)CCl,Inactive,0,,,,,,,,,,7,11.83,232.5,227.1,228.5,228.9,230.8,221.8,231.3,223.1,205
337,17511239,9609158,C1=CC=C(C=C1)/C=C/C=N/N(CCO)C2=NS(=O)(=O)C3=CC=CC=C32,Inactive,0,,,,,,,,,,7,30.45,242.7,227.6,230.9,228.6,229.2,219,217.1,184.2,168.8
338,17506682,2943134,CCOC1=CC=C(C=C1)NCC2=CC=CC=C2OCC3=CC(=CC=C3)F.Cl,Inactive,0,,,,,,,,,,7,6.85,258.5,253.1,258.4,259.6,259.5,263.3,258.5,252.1,240.8
339,24786442,16189173,CC1=CC(=C(C=C1)C)N2CCN(CC2)C(=S)NC3=CC4=C(C=C3)N=C(C=C4C)N5CCN(CC5)C,Inactive,0,,,,,,,,,,7,-7.11,256,260.8,260.3,260.4,266.1,266.7,265.8,269.7,274.2
340,4255147,542822,C1=CC=C(C=C1)C2=NN(C(=C2)C#N)C3=CC=CC=C3,Inactive,0,,,=,39.58,10.78,145.4,-1.74,26,0.9403,7,21.41,239.6,236.2,239.1,242.6,244.4,245.8,231.6,215.2,188.3
341,17432330,1332670,C1C2=C(C=CC(=C2)NC(=O)COC3=CC=CC=C3)C4=C1C=C(C=C4)NC(=O)COC5=CC=CC=C5,Inactive,0,,,,,,,,,,7,15.44,219.5,226.8,231.4,229.2,226.9,221.7,227.5,221.2,185.6
342,24806478,548573,C1=CC(=NC=C1Cl)N=C2C(=NSS2)Cl,Inactive,0,,,,,,,,,,7,8.07,236.6,228.1,231,228.5,229,230.1,233.1,228.5,217.5
343,24821351,828966,CCOC(=O)C1=C(C(=C(S1)N)C(=O)NC2=CC=CC=C2OC)C,Inactive,0,,,,,,,,,,7,-11.91,235.1,244.5,240.7,248.3,254,246.3,254.2,252.1,263.1
344,14724919,1893498,CC1=CC=C(C=C1)C2=N/C(=C/C3=CC=CS3)/C(=O)N2NC4=CC=CC=C4,Inactive,0,,,,,,,,,,7,11.14,232.5,221.6,230.9,229.3,237.5,230.6,226.5,218.9,206.6
345,17510581,12005273,CCC(=O)OCCNC1=C(C2=NON=C2C(=C1)SC3=NC=CN3C)[N+](=O)[O-],Inactive,0,,,,,,,,,,7,10.32,252.9,252.9,253.7,260.4,246.4,244.4,241.9,236.8,226.8
346,11533000,6852399,CN1CCC2=C3[C@H]1CC4=C(C3=CC=C2)C(=C(C=C4)O)O.O.Cl,Inactive,0,,,=,42.27,16.34,109.4,-1.135,53,0.9916,7,37.38,220.7,228.1,228.6,226.1,223.4,217,205.8,174.7,138.2
347,22412948,8219209,CNC1=CC=CC=C(C1=O)C(=O)/C=C/C2=CC=CC=C2OC,Inactive,0,,,,,,,,,,7,20.45,261.1,248.7,252.3,249.4,252.2,251.7,254.6,247,207.7
348,14736776,2841620,CCOC(=O)C1=C(C(=O)C2=CC=CC=C2C1=O)CC3=CC=C(C=C3)C,Inactive,0,,,,,,,,,,7,13.58,234.1,232.7,240.6,239.3,233,224.8,217.2,219.5,202.3
349,24791080,1115796,CC1=CC=C(C=C1)C2=CC=C(O2)/C=C\3/C(=O)N=C(S3)N4CCOCC4,Inactive,0,,,=,44.58,27.99,70.98,-1.643,41,0.9959,7,32.79,257.1,256.6,251.8,254.2,251.5,254.2,246.2,217,172.8
350,17516523,6019083,COC1=CC=C(C=C1)/C=C(/C(=O)C2=CC=CS2)\N3C=CC=CC3=C(C#N)C#N,Inactive,0,,,,,,,,,,7,12.5,267.2,254.7,252.4,253,244.1,246,250.5,235.2,233.8
351,17503903,9615677,CN(C1=NS(=O)(=O)C2=CC=CC=C21)/N=C/C3=CN=CC=C3,Inactive,0,,,,,,,,,,7,12.54,234.4,236.6,239.4,237.1,238.9,233.2,230.9,218,205
352,14733544,2301472,C1=COC(=C1)C2=NC3=C(C=C(C=C3)NC(=O)NCCCO)N=C2C4=CC=CO4,Inactive,0,,,,,,,,,,7,52.66,247.8,238,236.3,214.1,191.3,207.6,161.8,144.5,117.3
353,4247117,761640,COC1=CC(=CC(=C1O)OC)C2NC3=CC=CC4=C3C(=CC=C4)N2,Inactive,0,,,,,,,,,,7,35.59,214.4,211.4,213.2,215.6,202.4,187.2,172.4,169.5,138.1
354,14746541,2566124,CC1=CC(=C(N1C)C)C2=CSC(=N2)N,Inactive,0,,,=,46.28,10.64,201.2,-1.631,42,0.9671,7,30.29,245,249.4,247.1,259.5,255.9,257.8,242.7,216.8,170.8
355,14720509,760604,CCOC1=C(C=CC(=C1)C2NC3=CC=CC4=C3C(=CC=C4)N2)O,Inactive,0,,,,,,,,,,7,33.39,256.7,252.5,251.9,252.3,248.2,224.6,221.2,194.5,171
356,24811339,715703,C1=CC(=CC=C1N=C2C(=NSS2)Cl)Br,Inactive,0,,,=,49.76,5.68,435.8,-1.833,33,0.9509,7,25.46,243.1,241.1,253.4,245,249.9,251.5,239.1,220.9,181.2
357,14718939,7314634,CNC1=CC=C(C=C(C1=O)C(=O)/C=C/C2=CC(=CC=C2)OC)Br,Inactive,0,,,=,54.97,10.9,277.2,-1.043,41,0.9876,7,27.12,257,255.3,257.9,253.7,249.8,253.2,238.1,218,187.3
358,22404822,4831314,CC(C(=O)NC1=C(C=CC(=C1)[N+](=O)[O-])Cl)N2CCN(CC2)C3=CC=C(C=C3)O,Inactive,0,,,,,,,,,,7,12.28,262.2,252.8,254.7,245.1,252.3,247.7,246,236.7,230
359,14727109,3157644,C1=COC(=C1)C2=NC3=C(C=C(C=C3)C(=O)NCCO)N=C2C4=CC=CO4,Inactive,0,,False Positive,,,,,,,,7,40.87,248.1,236.2,236.8,236.2,233.6,219.1,189.2,178.3,146.7
360,24816093,756005,CC1=CC(=C(C=C1)OC)N2C(=O)C3=CC=CC=C3C4=CC=CC=C4C2=O,Inactive,0,,,,,,,,,,7,23.15,229.4,227.3,225.8,225.2,217.1,214.1,213.1,186.2,176.3
361,24815803,7532476,CC1=NN=C2N1N=C(C=C2)C3=CC(=CC=C3)NC(=O)C4=CC=CO4,Inactive,0,,,,,,,,,,7,28.44,259.1,249.2,251,245,251.6,223.7,217.9,208.5,185.4
362,17412605,5340558,C1=CC=C(C(=C1)C2=CC=C(O2)/C=C/C(=O)C3=CC=C(C=C3)F)[N+](=O)[O-],Inactive,0,,,,,,,,,,7,15.87,251.4,245.6,246.7,246.8,249.4,242.9,231.8,228.5,211.5
363,24815127,7190885,C1=CC(=NN2C1=NN=C2C3=CC=NC=C3)SCC(=O)NC4=NC=CS4,Inactive,0,,,,,,,,,,7,24.45,245.8,254.7,255.6,248,248.7,244.5,232.5,214.1,185.7
364,4260104,2220889,CC1=CC=C(O1)C2=NC3=CC=CC=C3C(=C2)C(=O)NC4=CC(=C(C=C4)OC)OC,Inactive,0,,,,,,,,,,7,9.96,227,225.1,231.6,224.2,219.2,224.8,224.9,223,204.4
365,22413030,4066056,C1CN(CCN1CCCNC(=O)C2=C(C=CC(=C2)[N+](=O)[O-])Cl)CCCNC(=O)C3=C(C=CC(=C3)[N+](=O)[O-])Cl,Inactive,0,,,,,,,,,,7,22.8,248.2,252.4,250.2,255.4,250.8,253.2,242.1,226.5,191.6
366,17386998,7314658,CCC1=CC=C(C=C1)/C=C/C(=O)C2=C(C(=O)C=CC(=C2)Br)O,Inactive,0,,,=,76.42,11.07,527.4,-1.277,60,0.9893,7,33.54,228.1,228.8,234.4,232.9,236,230.8,222.6,199.2,151.6
367,24834299,135519935,COCCN=C1N(C(=CS1)C2=CC=CO2)/N=C/C3=C(C(=C(C=C3)O)O)O,Inactive,0,,,,,,,,,,7,24.16,252.1,248.2,254.5,243.8,242.1,219.9,222,212.5,191.2
368,17516590,3510619,COC1=C(C=C2C(OC(=O)CC2=C1)C3=CC=CC=C3F)OC,Inactive,0,,,,,,,,,,7,2.12,254.3,256.7,253.1,255,252.2,255.3,251.1,254.9,248.9
369,22414129,15945766,CNCC1=CC=CC=C1SC2=CC(=C(C=C2)O)O.C(=C\C(=O)[O-])\C(=O)[O-],Inactive,0,,,,,,,,,,7,30.65,241.8,235.3,237.5,240.2,241.6,231.7,224.6,203.3,167.7
370,14730612,1471255,CC1=C(C=CC(=C1)Cl)N=C2C(=NSS2)Cl,Inactive,0,,,,,,,,,,7,9.87,251.3,243,250.1,247.3,254.2,252,249.6,255.4,226.5
371,14744890,9551948,CCCN1C(=CC(=C1C)C2=CSC(=N2)N)C.Cl,Inactive,0,,,,,,,,,,7,15.78,233.2,238.2,230.6,233.9,232.7,224.2,233.2,230.6,196.4
372,14720564,135473385,CC1=CC=C(C=C1)S(=O)(=O)/N=C/2\NC(=O)/C(=C/C3=CC(=C(C=C3[N+](=O)[O-])OC)OC)/S2,Inactive,0,,,,,,,,,,7,19.9,239.7,244.8,235.6,238.9,235.4,244.2,238.3,249.1,192
373,4261120,2219584,CC1=CC2=C(C=C1)C(=C(O2)C(=O)NC3=NN=C(S3)C)C,Inactive,0,,,,,,,,,,7,5.39,233.7,235,230.8,228.9,227.8,228.3,227.9,232.2,221.1
374,17504310,6374709,C1=CC=C(C=C1)C(=O)/C(=C/C2=CC=CO2)/N3C=CC=CC3=C(C#N)C#N,Inactive,0,,,,,,,,,,7,5.79,257.4,260.9,244.3,264.4,252.6,253.4,249.9,247.7,242.5
375,14740110,1331358,C1COCCN1C2=CC=C(C=C2)NC(=S)NC3=CC4=C(C=C3)N=C(C(=N4)C5=CC=CO5)C6=CC=CO6,Inactive,0,,,,,,,,,,7,14.88,225.2,233.9,233.4,223.5,231.4,214.8,206.7,213.1,191.7
376,24786069,2192174,COC1=CC(=C(C=C1NC(=S)NCCCO)OC)Cl,Inactive,0,,,,,,,,,,7,-8.39,221.8,220.9,217.3,222.9,224.9,221.8,229.9,233,240.4
377,24833983,16196586,CC[C@H](C)[C@@H](C(=O)N1CCN(CC1)C2=NC(=NC(=N2)N3CCN(CC3)C(=O)[C@H](CC4=CC5=CC=CC=C5N4)N6C=C(N=N6)[C@H](CC7=CC=C(C=C7)O)N)NCCOCCOCCOCC#C)N8C=C(N=N8)[C@H](CC(C)C)N.Cl,Inactive,0,,,,,,,,,,7,45.3,251.9,237.3,237.6,240.6,236.6,242.8,237.5,238.4,137.8
378,24809810,752424,CC1=C(C(=O)N(N1C)C2=CC=CC=C2)N=C3C=CC(=O)C4=CC=CC=C34,Inactive,0,,,,,,,,,,7,18.21,231.2,225.6,224.3,224.3,237.7,221.7,224.2,213.9,189.1
379,857605,658953,CC1=NN=C(C2=CC=CC=C12)NCC3=NNC(=O)C4=CC=CC=C43,Inactive,0,,,,,,,,,,7,-22.34,224.3,219,226.7,217.1,219.2,222.6,229.8,217.7,274.4
380,17402250,5927217,CCOC(=O)CSC1=NC(=O)/C(=C\C2=CC=C(C=C2)OC(=O)C)/S1,Inactive,0,,,,,,,,,,7,15.2,246.1,252.6,249.5,244.3,243.9,239.6,233.3,217.6,208.7
381,22405266,4010960,CCN(CC)C1=C(C=C(C=C1)NC(=O)C2=CC=CC=C2F)S(=O)(=O)NC3=CC=CC=C3OC,Inactive,0,,,,,,,,,,7,-8.4,235.8,245.8,241.4,242.9,243.9,245.7,248.7,253.2,255.6
382,4259693,2064238,C1CC2=C(C=C3C(=C(SC3=N2)C(=O)NCC4=CC=CO4)N)C(=O)C1,Inactive,0,,,,,,,,,,7,36.86,260.2,255.3,258.3,261.2,256.4,249.8,227.2,210.2,164.3
383,24840637,271296,CC1=CC(=O)C2=C(C=CC(=C2C1=O)O)O,Inactive,0,,,,,,,,,,7,38.91,220.5,216.7,219.1,221,203.4,183.1,185,164.8,134.7
384,842582,644850,CCN1CCN(CC1)C2=CC=C(C=C2)NC(=O)C3=C4C=CC=NC4=CC=C3,Inactive,0,,,,,,,,,,7,21.41,257.3,257.5,264.4,261,258.8,259.9,251.1,236.8,202.2
385,24790995,822180,CC1=CC(=C2C(=C1)C(=C3C=C(C(=NC3=N2)C)C)N)C,Inactive,0,,,,,,,,,,7,17.54,241.8,240.5,246.1,237.8,235.7,230.2,229.2,240.6,199.4
386,24806925,16192804,CCN\1C2=C(C=C(C(=C2)C)C)S/C1=C\C3=[N+](C4=C(C=C3)C=C(C=C4)C)CC.[I-],Inactive,0,,,,,,,,,,7,38.09,223.4,226.9,229.8,224.4,222,222.8,229.9,226.8,138.3
387,17433097,839786,CCN1C=C(C2=CC=CC=C21)C=C3C(=O)C4=CC=CC=C4C3=O,Inactive,0,,,,,,,,,,7,21.53,250.3,252.2,244.4,255.8,252.1,243.6,229.7,248.3,196.4
388,4258795,2214811,C1CCCN(CC1)C(=O)NC2=CC3=C(C=C2)N=C(C(=N3)C4=CC=CO4)C5=CC=CO5,Inactive,0,,,,,,,,,,7,47.92,228.7,221,215.8,197.6,188.9,169,186.5,133.1,119.1
389,22415003,15945829,CNCC1=CC=CC=C1SC2=C(C=CC(=C2)O)O.C(=C\C(=O)O)\C(=O)O,Inactive,0,,,,,,,,,,7,18.68,243.6,246.9,202.1,244.1,251.8,246.2,238.4,236.6,198.1
390,24810371,2152512,CCOC(=O)C1=CC2=C(N=C3C=CC=CN3C2=O)N(C1=NC(=O)C4=CC=CC=C4OC)CC5=CC=CO5,Inactive,0,,,,,,,,,,7,16.69,247.5,246.1,257,252.2,245.9,257.1,242,234.9,206.2
391,17511707,1896654,C1=CC(=CC=C1C(=O)NNC(=O)/C=C/C(=O)O)Br,Inactive,0,,,,,,,,,,7,11.69,251.6,251.7,255,251.5,248.3,257.7,250,251.7,222.2
392,848277,650715,COC1=CC2=C(C=C1)C=C(C(=O)N2)CN(CCC3=CC=CC=C3)CC4=NN=NN4CC5CCCO5,Inactive,0,,,,,,,,,,7,1.91,235.2,232.5,234.7,229,232.9,234.6,226.3,237.5,230.7
393,14741896,4522020,CC1=CC(=CC=C1)C(=O)N=C2C(=CC3=C(N2CC4=CC=CO4)N=C5C(=CC=CN5C3=O)C)C#N,Inactive,0,,,,,,,,,,7,28.99,239.4,237,243.6,234.3,232.2,227,223.4,196.4,170
394,22405333,7314636,CNC1=CC=C(C=C(C1=O)C(=O)/C=C/C2=CC=C(C=C2)OC)Br,Inactive,0,,,,,,,,,,7,15.52,245.5,268,253.8,255.3,243.7,248.6,242,225.9,207.4
395,14720588,135464623,COC1=C(C=C(C(=C1)/C=C\2/C(=O)N/C(=N\S(=O)(=O)C3=CC=CC=C3)/S2)[N+](=O)[O-])OC,Inactive,0,,,,,,,,,,7,16.61,249.2,249.3,250.3,249.3,246,244.4,252.6,246.6,207.8
396,864344,665592,CC1=CC=C(O1)C2=CC(=NC(=C2C#N)N)C3=CC=C(C=C3)F,Inactive,0,,,,,,,,,,7,9.14,259.2,251.6,259,253.3,245.2,251.2,242.4,244.4,235.5
397,17514060,9638528,C1=CC=C2C(=C1)C=C(C(=N2)Cl)/C=N/NC3=NC4=CC=CC=C4N3,Inactive,0,,,,,,,,,,7,73.89,251.2,248,235.6,245.9,235.6,234.6,227.2,180.8,65.6
398,24825678,3640629,CCN(C1CCS(=O)(=O)C1)C(=O)COC(=O)C2=CC(=NC3=CC=CC=C32)C4=CC=C(O4)C,Inactive,0,,,,,,,,,,7,11.54,245.2,249.9,237.4,242.6,244.5,239.4,238.8,228.1,216.9
399,16953282,725279,CC1=C(SC2=C1C(=O)NC=N2)C(=O)OC,Inactive,0,,,,,,,,,,7,9.74,256.6,258.7,255,253.2,261.9,254.1,253.8,249,231.6
400,24788159,7113151,C1=CC=C2C(=C1)C(=O)C3=C(C2=O)C=C(C=C3)S(=O)(=O)NC4=CC=C(C=C4)C(=O)O,Inactive,0,,,,,,,,,,7,18.42,222.1,218,222.4,225.5,222.7,216.7,220.9,218,181.2
401,24820573,3802705,CN1CC(C(C1)C(=O)C2=CC=C(C=C2)F)C3=CC(=C(C=C3)OC)Cl,Inactive,0,,,,,,,,,,7,-5.31,233.4,242.1,248.6,236.3,235.3,240.7,238.8,231.6,245.8
402,24821889,1491384,CC1=C(C(=NN1C2=CC(=C(C=C2)Cl)Cl)C)C(=O)O,Inactive,0,,,,,,,,,,7,-1.32,249.6,241.9,247.9,245.8,248,246.7,250.1,249.4,252.9
403,17506409,5736971,CC1=CC=C(O1)/C=C/C(=O)NC2=CC(=C(C=C2)[N+](=O)[O-])NC(=O)/C=C/C3=CC=C(O3)C,Inactive,0,,,,,,,,,,7,13.01,255.9,248.4,246.3,254.4,248.4,248.3,245.7,236.3,222.6
404,4263434,850134,CCOC1=C(C=CC(=C1)S(=O)(=O)NC2=CC=CC=N2)F,Inactive,0,,,,,,,,,,7,18.15,254.6,243.6,242.4,246.7,246.7,246,235.9,229.3,208.4
405,14743307,3793563,CN1C2=C(C(=O)NC1=O)N(C(=N2)N3CCOCC3)CCSC4=NC5=CC=CC=C5N4,Inactive,0,,,,,,,,,,7,-6.53,258.9,267.8,253.2,267.1,265.3,262.2,266.7,261.3,275.8
406,22408228,2408495,CC1=CC=C(C=C1)NC2=NC(=CS2)CSC3=NN=C(N3C4=CC=CC=C4C)C5=CN=CC=C5,Inactive,0,,,,,,,,,,7,-5.43,250.6,256.4,258.1,257.3,263.8,253,258.1,267.1,264.2
407,14747167,4580328,CC1=CC=C(C=C1)N=CC2=C(N(C(=O)C3=CC=CC=C32)C4=CC5=C(C=C4)OCO5)O,Inactive,0,,,,,,,,,,7,5.88,221.1,224.4,225.3,220.5,223.6,221.6,216.4,217.1,208.1
408,24797589,135433326,CCOC1=CC(=CC(=C1O)[N+](=O)[O-])/C=N/NC(=O)C2=CC=CS2,Inactive,0,,,,,,,,,,7,37.91,243.2,249.7,247,241.2,233.3,238.4,207.7,189.5,151
409,17504016,2922056,CCC(=O)NC(C1=CC=C(C=C1)C)C2=CC(=C3C=CC=NC3=C2O)[N+](=O)[O-],Inactive,0,,,,,,,,,,7,12.26,252.8,249.1,252.1,251.8,244.3,242.7,249,245,221.8
410,17505621,4652514,CC1=C(C(=NN1)SCC(=O)NCC2=CC=C(C=C2)F)[N+](=O)[O-],Inactive,0,,,,,,,,,,7,0.8,250.3,249,253.2,253.7,251.7,254.9,248.6,253,248.3
411,862521,663750,CC1=CN2C(=NC3=C(C2=O)C=C(C(=N)N3CCCOC(C)C)C(=S)N)C=C1,Inactive,0,,,,,,,,,,7,6.14,260.4,258.7,255.3,257.1,257.7,253.4,262.5,256.2,244.4
412,14721987,9549414,C1CSCCN1C(C2=CC=C(C=C2)Cl)C3=NN=NN3CC4=CC=C(C=C4)F.Cl,Inactive,0,,,,,,,,,,7,-6.15,248.9,242.9,248.5,246.4,254.4,246.7,254.1,250.3,264.2
413,24819970,3816273,COCCNC(=S)NC1=CC(=C(C=C1C#N)OC)OC,Inactive,0,,,,,,,,,,7,10.03,240.3,245.9,236.7,242.6,233.7,234.4,231.6,225.4,216.2
414,17505255,767585,C1=CC=C2C(=C1)C3=C(C(=O)N2)C(=O)N=C4N3C=CC=C4O,Inactive,0,,,,,,,,,,7,50.37,246.4,232.3,231.8,220.3,219.4,207.3,181.6,146,122.3
415,17512903,1540147,COC1=C(C=C(C=C1)/C=C\2/C(=S)NC(=O)S2)OC,Inactive,0,,,,,,,,,,7,8.19,255.3,244.4,254.2,251.8,248.1,250.1,250,246.9,234.4
416,14728059,3368501,CC1=CC=CC=C1NC(=O)C2=CC(=NC3=CC=CC=C32)C4=CC=C(O4)C,Inactive,0,,,,,,,,,,7,10.88,254.7,255.8,254.8,257.7,260,250.4,253.7,244.2,227
417,22411771,15945523,CC1=CC(=C(C(=C1)C)C(C2=CC=CC=C2)OCCCNC(C)C)C.Cl,Inactive,0,,,,,,,,,,7,-6.66,252.1,257.1,257,256.1,254,253.2,258.1,256.9,268.9
418,24810246,16193041,CCN1CCN(CC1)C2=NC3=C(C=C(C=C3)NC(=S)N4CCN(CC4)C5=CC=C(C=C5)F)C(=C2)C,Inactive,0,,,,,,,,,,7,5.56,243,243.7,238.9,242.8,242.6,239.1,240.9,238.6,229.5
419,845056,647392,C1C=CC2C1C(NC3=CC=CC=C23)C4=CC=NC=C4,Inactive,0,,,,,,,,,,7,21.69,252.6,257.2,249.4,245.2,252.4,244.5,246.4,243.7,197.8
420,24808023,2877735,CC1=C(N2C=CC=NC2=N1)C3=CSC(=N3)NC4=CC=CC=C4OC.Br,Inactive,0,,,,,,,,,,7,19.13,227.9,223.3,225.6,221.7,213.5,214.4,209,195.9,184.3
421,24825471,3302352,CN1C(=C(C(=O)N(C1=O)C)C(=O)COC(=O)C2=CC(=CN=C2)Br)N,Inactive,0,,,,,,,,,,7,12.11,220.4,222.6,217.7,221.6,226.5,220.7,215.1,214.3,193.7
422,17433115,765471,CC1=CC(=C2C(=C1)C(=C3C(=CC(=NC3=N2)C)C)N)C,Inactive,0,,,,,,,,,,7,14.29,262.5,264.5,256.5,253.9,265.8,262.8,252.8,253,225
423,17505640,135497996,CC1=C(C(=CC=C1)N=C2NC(=O)/C(=C/C=C/C3=CC=CO3)/S2)C,Inactive,0,,,,,,,,,,7,31.54,229.2,230.9,224.8,228.7,219.5,206.1,192.8,190.5,156.9
424,7975247,1189450,C1COCCN1C2=CC=C(C=C2)NC3=NC=NC4=C3C=C(C=C4)Br,Inactive,0,,,,,,,,,,7,34.84,231.6,232.2,226.1,218.8,217.3,223.6,212.7,216.6,150.9
425,14742534,5105556,CC(C)OP(=O)(C1(C=C(C(=O)C2=CC=CC=C21)Br)NS(=O)(=O)C3=CC=CC=C3)OC(C)C,Inactive,0,,,,,,,,,,7,9.66,259.7,264.1,255.3,248.5,268.5,269.9,265.4,253.8,234.6
426,24708192,16066644,CC(C)(C)OC(=O)N1CCN(CC1)C(=O)[C@H](CC2=CC=C(C=C2)O)N3C=C(N=N3)CCO,Inactive,0,,,,,,,,,,7,-5.46,219.8,218.6,222.1,226.9,223.8,224.2,224.3,231.2,231.8
427,24814424,4097870,CN1C2=C(C=C(C=C2)S(=O)(=O)NC3=CC(=CC(=C3)C(=O)O)C(=O)O)C(=O)N(C1=O)C,Inactive,0,,,,,,,,,,7,13.68,254.3,251.5,254.8,249.8,247.4,255,250,242.5,219.5
428,17511169,344341,C1=CC=C(C=C1)NS(=O)(=O)C2=CC3=C(C=C2)C(=O)C4=CC=CC=C4C3=O,Inactive,0,,,,,,,,,,7,1.73,242.3,254.8,246.9,249.4,246.3,243.6,248.9,239.7,238.1
429,17409201,3149395,COC1=CC=C(C=C1)C2=NC3=CC=CC4=C3C(=CC=C4)N2,Inactive,0,,,,,,,,,,7,7.62,225.6,229.5,218,225.2,220.3,226.2,215.7,215.9,208.4
430,24820429,9552390,COC1=CC(=C(C=C1/C=N/NC(=O)C2=CC=NC=C2)[N+](=O)[O-])OC,Inactive,0,,,,,,,,,,7,44.75,233.3,225.3,230,218.6,218.1,205.2,185.6,169.3,128.9
431,24831541,4878679,CC1=CC=C(O1)C2=NC3=C(N2C)C(=O)NC(=O)N3CC4=CC=CC=C4,Inactive,0,,,,,,,,,,7,17.42,246.9,253.8,239.5,235.9,248.1,240.3,228.6,224.5,203.9
432,24811997,9556997,CC(C)C1=CC=C(C=C1)/C=N/NC(=O)C2=CC=CC=C2Cl,Inactive,0,,,,,,,,,,7,-4.92,219.3,212.6,222.7,220.2,220.3,227,219.6,226.5,230.1
433,17507648,135411840,C1=CC=C2C(=C1)C(=O)NC(=N2)SCC3=NC4=CC=CC=C4C(=O)N3C5=CC=CC=C5C(F)(F)F,Inactive,0,,,,,,,,,,7,-4.9,257.3,260.3,258.7,257.3,255,259.5,260.6,261,269.9
434,24822003,3721644,C1CN(CCN1CCC2C(=O)NC3=C(O2)C=C(C=C3)[N+](=O)[O-])CC4=CC5=C(C=C4)OCO5,Inactive,0,,,,,,,,,,7,5.26,212.8,210.1,212.1,212.9,208.6,210.1,203.5,200.1,201.6
435,22401258,5347156,C1CCN(C1)C2=C(C=C(C=C2)/C=N/NC(=O)CN3C4=CC=CC=C4C(=O)C5=CC=CC=C53)[N+](=O)[O-],Inactive,0,,,,,,,,,,7,28.3,251.9,251.7,255.8,251.1,253.2,251.1,240.9,234.9,180.6
436,24815665,16194700,CC1=C(C=C(C=C1)C(=O)N(CCCN(C)C)C2=NC3=C(S2)C=C(C=C3)Cl)C.Cl,Inactive,0,,,,,,,,,,7,6.76,232.1,226,223.9,229.8,233.1,229.7,220.1,227,216.4
437,17517477,2460197,CC1=CC=C(N1C2=CC=C(C=C2)C(=O)N3CCN(CC3)C(=O)C)C,Inactive,0,,,,,,,,,,7,4.58,257.5,247.6,254,254.2,245.7,249.6,251.2,247.6,245.7
438,17431609,698490,CC1=C2C(=CC=C1)C(=C3C(=CC(=NC3=N2)C)C)N,Inactive,0,,,,,,,,,,7,19.51,265,265,263.4,256.3,260.4,255.7,253.7,244.9,213.3
439,17505617,2291919,COC1=C(C=CC(=C1)N2CCOCC2)C=C3C(=O)NC(=O)NC3=O,Inactive,0,,,,,,,,,,7,9.86,252.5,255.8,250.9,248.7,250.3,252.9,241.6,245.8,227.6
440,24798288,5738821,CC1C/C(=C\C2=CC=CC=C2F)/C3=C(C1)C(NC(=S)N3)C4=CC=CC=C4F,Inactive,0,,,,,,,,,,7,-3.83,229.9,231.1,227,230.3,232.7,229.8,230.6,231.6,238.7
441,17505368,135468605,CC1=CC(=C2C=C(C=CC2=N1)OC)SCC(=O)N/N=C/C3=C(C=C(C=C3)O)O,Inactive,0,,,,,,,,,,7,16.04,243.8,238.8,241.3,243.4,231.6,242.5,227.3,231.7,204.7
442,24832372,4587062,CCC1=C(C(=NC2=CC=CC=C2N1)NC(=O)C3=CC=C(C=C3)S(=O)(=O)N4CCOCC4)C(=O)OCC,Inactive,0,,,,,,,,,,7,-7.28,236.4,231.8,232.1,242.5,243.1,240.1,240.5,245.2,253.6
443,7978441,9568781,CC1=CC(=NC(=C1)/N=C/2\C(=NSS2)Cl)C,Inactive,0,,,,,,,,,,7,5.69,246.2,239.2,239.9,236.5,247.3,248.3,243.7,240.9,232.2
444,22413649,7314606,CC1=CC(=C(C=C1)/C=C/C(=O)C2=C(C(=O)C=CC=C2)O)C,Inactive,0,,,,,,,,,,7,36.2,231.5,222.5,220,231.9,224.3,220.5,215.8,197.7,147.7
445,17509130,5705712,C1=CC=C(C=C1)C2=CC=C(O2)/C=C/C(=O)C3=CC=CC=C3,Inactive,0,,,,,,,,,,7,41.6,257.7,260.7,260.5,251.9,255.4,242.3,209.6,207.1,150.5
446,857590,658940,CC1=CC=C(O1)C2=NC(=C(C(=C2)C3=CC=C(C=C3)Cl)C#N)N,Inactive,0,,,,,,,,,,7,14.9,245.7,242.3,252.3,247.3,245,249,229.7,233.8,209.1
447,17407514,3142835,C1C2CC3CC1CC(C2)(C3)C(=O)OCC4=NC5=CC=CC=C5N4,Inactive,0,,,,,,,,,,7,6.42,232.1,243.9,236.4,233.7,231,232.8,234.8,231.2,217.2
448,864767,666008,COC1=CC=C(C=C1)N2C(=NN=C2SCC(=O)NC3=CC=C(C=C3)C(=O)O)C4=CC=CS4,Inactive,0,,,,,,,,,,7,-3.04,240.2,239.5,239.6,235.7,241.8,243.2,243,244.7,247.5
449,22404749,6110289,CC1=C(C=C(C=C1)/C=C/C(=O)C2=C(C(=O)C=CC=C2)O)C,Inactive,0,,,,,,,,,,7,37.47,240.7,247.6,241.7,234.4,247.1,228.4,217,193.8,150.5
450,14747020,9552044,CC1=CC(=C(C(=C1C)S(=O)(=O)N2CCN(CC2)CC(=O)NC(=O)NCC3=CC=CC=C3)C)C,Inactive,0,,,,,,,,,,7,7.3,231.5,223.1,222.4,229.3,234.5,235.3,232.5,230.4,214.6
451,17506281,792025,CC1=CC(=CC=C1)N=CC2=C(C(=CC(=C2)OC)[N+](=O)[O-])O,Inactive,0,,,,,,,,,,7,13.7,248.9,255.4,264.2,249.1,253.8,249.8,246.3,238.5,214.8
452,14744977,1221931,CC1=CC=C(O1)C2=NC3=CC=CC=C3C(=C2)C(=O)NC4=CC=CC=N4,Inactive,0,,,,,,,,,,7,13.47,239.1,237,238.6,240.4,238.2,236.6,223.1,230.9,206.9
453,14743296,713405,COC1=CC=C(C=C1)N2C(=O)C(=C(C2=O)Cl)NC3=CC=CC=C3O,Inactive,0,,,,,,,,,,7,66.85,256.7,249.7,253.6,252.1,241,228,216.3,219.6,85.1
454,17385934,2030970,C1=CC=C2C(=C1)N=C(S2)C3=CC=C(O3)/C=C/4\C(=O)N(C(=S)S4)CCC(=O)O,Inactive,0,,,,,,,,,,7,30.84,226.3,232.6,235.7,232.5,229.7,226,210.9,195.6,156.5
455,22413893,15945748,C1CC2C(=O)N(C(=O)N2C1)CCCCN3CCN(CC3)C4=CC=C(C=C4)N.O.Cl,Inactive,0,,,,,,,,,,7,72.88,251.8,257.9,251.5,251.8,255.1,245.6,224,186.6,68.3
456,24821900,2769040,CCOC(=O)C1=CC=C(C=C1)N=C2C(=NSS2)Cl,Inactive,0,,,,,,,,,,7,9.95,219.1,224.2,217.9,224,222.2,222,223,219.3,197.3
457,864370,665618,CCN(CC)C1=CC=C(C=C1)C2=NN3C(=NN=C3S2)C4=NNC5=C4CCC5,Inactive,0,,,,,,,,,,7,20.36,260.8,253.7,257.8,249.2,255.2,246.2,239,234.8,207.7
458,22404746,7314626,CNC1=CC=C(C=C(C1=O)C(=O)/C=C/C2=C(C=C(C=C2)OC)OC)Br,Inactive,0,,,,,,,,,,7,30.37,231.8,238,237.2,236.9,234.8,224.1,209.2,201.9,161.4
459,14743023,737253,CN1CCN(CC1)C2=CC=C(C=C2)N,Inactive,0,,,,,,,,,,7,63.08,237,235.6,235,237.4,232.1,229.8,202.9,197.1,87.5
460,17506222,9547740,CN1C(=O)C(=C(N(C1=O)CC2CC2)N)C(=O)COC(=O)C3=CC(=NC4=CC=CC=C43)C5=CC=CO5,Inactive,0,,,,,,,,,,7,18.07,224.1,225.3,229.3,234.7,218.2,221.5,201.4,214.1,183.6
461,17506230,9547731,CN1C(=O)C(=C(N(C1=O)CC2=CC=CC=C2)N)C(=O)COC(=O)C3=CC(=NC4=CC=CC=C43)C5=CC=CO5,Inactive,0,,,,,,,,,,7,22,241.8,218.3,232.8,234.3,230.1,223.5,215,214,188.6
462,24784342,135460504,CC1=CC(=C2C=CC=C(C2=N1)OC)SCC(=O)N/N=C/C3=CC(=C(C=C3)O)O,Inactive,0,,,,,,,,,,7,26.7,218.7,226.8,218.3,223.2,212.9,220,207.5,195.7,160.3
463,17408724,2898055,CC1=CC=C(C=C1)NC2=NC(=CS2)C3=C(N=C4N3C=CC=N4)C,Inactive,0,,,,,,,,,,7,18.77,229.6,241.6,233.4,231.5,230.4,234,217.9,216.1,186.5
464,17510686,12005312,CCCC(=O)OCCNC1=C(C2=NON=C2C(=C1)SC3=NC=CN3C)[N+](=O)[O-],Inactive,0,,,,,,,,,,7,7.82,223.9,230.6,229.7,228.7,224.8,223.3,220.9,213,206.4
465,17506228,2364091,CN1C(=C(C(=O)N(C1=O)C)C(=O)COC(=O)C2=CC(=NC3=CC=CC=C32)C4=CC=CO4)N,Inactive,0,,,,,,,,,,7,25.07,244.5,244.6,244.9,242.3,233.3,242.6,226.8,228.4,183.2
466,24810633,4173573,CC1=CC=CN2C1=NC3=C(C2=O)C=C(C(=N)N3CCCN4CCOCC4)C(=S)N,Inactive,0,,,,,,,,,,7,30.41,228.9,220.1,222.5,221.7,212.2,219.3,205.7,204.4,159.3
467,861642,662880,CCN(CC)C1=CC=C(C=C1)C2=NN3C(=NN=C3S2)C4=CN=CC=C4,Inactive,0,,,,,,,,,,7,10.65,216.8,225.8,228.4,223.7,215,204.8,220.4,195.4,193.7
468,22414561,5411557,CC(C)CN1C(=O)/C(=C/C2=CC=CO2)/NC1=S,Inactive,0,,,,,,,,,,7,17.42,234.8,232.8,229.5,227.5,230.6,231.6,223.1,220.2,193.9
469,24813935,9625345,C1=CC=C(C=C1)/C=N/N(CCO)C2=NS(=O)(=O)C3=CC=CC=C32,Inactive,0,,,,,,,,,,7,11.23,226.1,230.3,239.1,228.8,218.6,223.3,221.2,213.1,200.7
470,7969049,5076890,CCCCNC(=O)C1=CC2=C(C=C1)N=C(C(=N2)C3=CC=CO3)C4=CC=CO4,Inactive,0,,,,,,,,,,7,33.66,232,227.4,232.8,223.8,227.2,224,215.6,185.4,153.9
471,847206,6603137,C1CCCN(CC1)C2=CC=C(C=C2)N.Cl,Inactive,0,,,,,,,,,,7,65.82,246.9,260.6,256.3,254.4,243.1,232.6,207.1,208.4,84.4
472,17515113,3613987,CC1=CC=C(C=C1)OCC2=CN3C=CC=NC3=N2,Inactive,0,,,,,,,,,,7,47.09,233.6,235.9,230.1,237.8,215.4,210.9,201.3,168.1,123.6
473,24814503,5998602,C1=CC=C(C=C1)S(=O)(=O)/N=C\2/C=C(C(=O)C3=CC=CC=C32)NC4=CC=C(C=C4)C(=O)O,Inactive,0,,,,,,,,,,7,18.94,241.3,234.1,239.4,239,237.5,231.4,218.9,219.4,195.6
474,14745671,135512411,CC1=CSC(=NC)N1/N=C/C2=C(C(=C(C=C2)O)O)O,Inactive,0,,,,,,,,,,7,41.43,237,232.4,226.5,229.6,225.5,217.9,212.7,208.6,138.8
475,17514289,7217940,CC1=CC(=NC(=N1)SCC2=CC(=O)C(=CO2)OC(=O)C3=CC(=CC=C3)[N+](=O)[O-])C,Inactive,0,,,,,,,,,,7,19.15,225.1,233.2,226.4,226.3,226.2,222.2,217.2,212.9,182
476,17504323,6883030,C1=CC=C(C(=C1)C2=CC=C(O2)/C=N/NC(=O)C3=CC(=CN=C3)Br)[N+](=O)[O-],Inactive,0,,,,,,,,,,7,7.59,251.5,258.7,257.1,242.6,254.6,254,245.4,240.1,232.4
477,857546,658900,C1CN(C(=O)N1)C(=O)N(C2=CC=CC=C2)C3=CC=CC=C3,Inactive,0,,,,,,,,,,7,-3,250.3,241.1,255.5,247.3,249.1,253.5,251.3,254,257.8
478,7972038,1370094,C1=CC=C2C(=C1)C=C(O2)C(=O)NC3=CC=NC=C3,Inactive,0,,,,,,,,,,7,14.77,257.3,258.3,257.5,251,258.3,246.4,247.6,240.1,219.3
479,14723062,1092071,CCOC1=CC=C(C=C1)N2C(=O)C(=C(C2=O)Cl)NC3=CC=CC=C3O,Inactive,0,,,,,,,,,,7,46.67,225,234.4,226.5,230.2,223.1,215,204.3,189.6,120
480,4260139,784440,CC1=CC(=C(C=C1)CNC2=CC3=C(C=C2)OCO3)C,Inactive,0,,,,,,,,,,7,20.61,261.5,251.6,257.7,251.7,261,242.2,242.7,234.7,207.6
481,24841251,4880121,CC1=C(C(=NO1)C)COC2=CC=C(C=C2)C(=O)NC3=CN=CC=C3,Inactive,0,,,,,,,,,,7,42.01,255.9,252,250.2,260,247,228.2,234.8,218.8,148.4
482,22401351,1809912,CN1C(=O)/C(=C/C2=CC=C(O2)C3=CC=CC=C3[N+](=O)[O-])/SC1=NC4=CC(=C(C=C4)Cl)C(=O)O,Inactive,0,,,,,,,,,,7,44.61,247.9,244.4,244.4,241.9,238.7,232.8,216.3,207.2,137.3
483,24831279,2475628,CC1=CC(=C(N1CC=C)C)C2=CSC(=N2)NC,Inactive,0,,,,,,,,,,7,35.28,259.1,256.7,247.8,257.3,247.6,245.4,230.8,229.6,167.7
484,4257152,1248867,C1OC2=C(O1)C=C(C=C2)C(=O)CSC3=NN=C(N3CC4=CC=CO4)C5=CC=CS5,Inactive,0,,,,,,,,,,7,-2.62,259.2,256,257.2,258,264.7,261.5,257.7,273.2,266
485,7977787,868676,CC1=CC=C(O1)C2=NC3=CC=CC=C3C(=C2)C(=O)NC4=CN=CC=C4,Inactive,0,,,,,,,,,,7,18.8,239.9,244.3,232.1,245.2,233.3,229.9,220.7,218.6,194.8
486,24820871,1085315,COC1=C(C=C(C=C1)CC(=O)NC2=CC=C(C=C2)C(=O)NC3=NC=CS3)OC,Inactive,0,,,,,,,,,,7,12.25,224.5,227.2,227.6,224.1,215.9,220.1,212.2,219.1,197
487,24781414,135450553,COC1=CC=C(C=C1)N=C2NC(=O)/C(=C\C=C\C3=CC=CO3)/S2,Inactive,0,,,,,,,,,,7,23.73,260.4,263.1,259.6,262.6,261.8,246.7,251,230,198.6
488,17513383,1849004,C1COCCN1C2=CC=C(O2)/C=C/3\C(=O)NC(=S)S3,Inactive,0,,,,,,,,,,7,34.78,258.5,260.2,253.3,253.1,255,249,235.9,224.5,168.6
489,17513201,135458272,CC1=CC=C(C=C1)N=C2NC(=O)/C(=C/C=C/C3=CC=CO3)/S2,Inactive,0,,,,,,,,,,7,18.3,258.4,266,251.7,262.7,251.5,240.5,240.9,243.3,211.1
490,842230,644485,C1=CC=C(C=C1)N2C(=O)C(=C(C2=O)Cl)NC3=CC=CC=C3O,Inactive,0,,,,,,,,,,7,75.27,258.8,259,252.9,247.1,250.1,217.4,211.8,182.9,64
491,14741235,3524797,CCOC(=O)C1=CC2=C(N=C3C(=CC=CN3C2=O)C)N(C1=NC(=O)C4=CC=CC=C4)CC5=CC=CO5,Inactive,0,,,,,,,,,,7,15.45,247.9,239.9,243.8,242.9,246.3,238.6,233.8,233.6,209.6
492,14745573,135512407,CCN=C1N(C(=CS1)C)/N=C/C2=C(C(=C(C=C2)O)O)O,Inactive,0,,,,,,,,,,7,38.83,250.3,250.1,244.2,241.7,233.3,232.9,217.1,196.9,153.1
493,24805694,135455156,C/C(=C(\C(=O)NC1=NC(=CS1)C2=CC=C(C=C2)OC)/N=NC3=CC=CC=C3)/O,Inactive,0,,,,,,,,,,7,-1.37,226.3,229.4,227.5,224.1,225.6,227.2,227.9,230.2,229.4
494,17414254,2204949,CC1=CC(=CC(=C1)C(=O)NC(=S)NC2=CC(=C(C=C2)NC(=O)C3=CC=CS3)OC)C,Inactive,0,,,,,,,,,,7,-5.15,235.1,234.5,233.9,236.1,238.5,234.1,243.4,239.2,247.2
495,24827003,5129099,CC1=CC=C(O1)C2=NC3=CC=CC=C3C(=C2)C(=O)OCC(=O)N(C)C4CCS(=O)(=O)C4,Inactive,0,,,,,,,,,,7,20.72,257.3,253,259.5,254.8,249,246.2,237.8,236.9,204
496,24786281,12748881,CC1=NC2=C(C(=CS2)C3=CC=CC=C3)C(=O)N1N=C4C=CC(=O)C=C4.CC(=O)O,Inactive,0,,,,,,,,,,7,26.78,249.8,254.2,246.9,239.3,233.4,227.9,213.7,205.9,182.9
497,24795526,979661,CCOC1=C(C=C(C=C1Cl)CNC2=CC=C(C=C2)N3CCCC3)OC,Inactive,0,,,,,,,,,,7,12.19,224.8,223.1,227.1,224,222.9,213.8,222.9,206.6,197.4
498,24782533,731393,CC1=CC(=C(C=C1)O)NC2=C(C(=O)N(C2=O)CC3=CC=CC=C3)Cl,Inactive,0,,,,,,,,,,7,79.97,235.2,245.4,238,231.7,206.1,192.3,163,138.5,47.1
499,24788006,837831,CCC(CC)C(=O)NC1=CC(=CC=C1)SC,Inactive,0,,,,,,,,,,7,3.34,233.6,229.7,231.8,232.3,226.2,229.5,231.8,223.9,225.8
500,24808438,2947620,C1C=CC2C1C(NC3=C2C=C(C=C3)C(F)(F)F)C4=CC=NC=C4,Inactive,0,,,,,,,,,,7,5.88,231.1,228.6,225.7,236.3,231.5,220.5,224.3,222.3,217.5
501,24814498,9670034,CC1=CC(=CC=C1)/C=N/N(CCO)C2=NS(=O)(=O)C3=CC=CC=C32,Inactive,0,,,,,,,,,,7,18.44,228.3,235.9,234.1,229.2,228.8,218,223.7,210.3,186.2
502,846686,649080,CC1=CC=C(O1)C2=NC(=C(C(=C2)C3=CC=CC=C3)C#N)N,Inactive,0,,,,,,,,,,7,15.21,255.7,256.6,252.4,254,251.7,250.9,244.1,238.4,216.8
503,24813984,6799675,CC1=CC(=C(C=C1C)S(=O)(=O)/N=C\2/C=C(C(=O)C3=CC=CC=C32)SCC(=O)O)C,Inactive,0,,,,,,,,,,7,28.26,250.5,258.3,248.3,250.2,240.7,237.8,232.7,226.1,179.7
504,14725921,3154276,CC(=O)C1=CC2=C(C=C1)NC(C3C2C=CC3)C4=CC=NC=C4,Inactive,0,,,,,,,,,,7,19.37,217.9,217.4,216.7,215.5,206.5,209.4,207.5,199.4,175.7
505,14738617,5076888,C1=CC=C(C=C1)CCNC(=O)C2=CC3=C(C=C2)N=C(C(=N3)C4=CC=CO4)C5=CC=CO5,Inactive,0,,,,,,,,,,7,43.8,248.4,240.9,237.8,228.6,225.2,227.6,194.3,192.1,139.6
506,17515530,5052339,C1CN(C(C2=CC=CN21)C3=CN=CC=C3)C(=S)NC4=CC=CC=C4,Inactive,0,,,,,,,,,,7,-0.2,253.5,249.5,256.9,251.2,250.5,254.8,254,261.7,254
507,14718941,7314625,CNC1=CC=C(C=C(C1=O)C(=O)/C=C/C2=C(C(=CC=C2)OC)OC)Br,Inactive,0,,,,,,,,,,7,35.3,260.6,257.7,262.1,251.6,247.8,238.5,229.2,214.1,168.6
508,24819056,1192546,CCOC(=O)C1=NC2=CC=CC=C2C(=N1)NC3=CC=C(C=C3)N4CCC(CC4)C,Inactive,0,,,,,,,,,,7,12.58,259.1,258,250.6,261.1,247.6,246.6,245,242.3,226.5
509,4261908,870501,CC1=CC=C(O1)C2=NC(=C(C(=C2)C3=CC=CC=C3Cl)C#N)N,Inactive,0,,,,,,,,,,7,14.15,265,262.6,261.5,260.2,259.2,252.3,249.8,252.3,227.5
510,7978392,1356461,CC1=C(C(=O)N(N1C)C2=CC=CC=C2)N3C(=O)C4=C5C(=CC=C6C5=C(CC6)C=C4)C3=O,Inactive,0,,,,,,,,,,7,41.55,251,255.1,245.8,243.6,232.9,229.4,210.4,202.9,146.7
511,4246797,11838260,CC1=C(C=NN1C)/C=C/2\C(=O)N3C4C(C(N=C3S2)(OC5=CC=CC=C45)C)C(=O)OC,Inactive,0,,,,,,,,,,7,-10.54,242.8,248.9,240.8,251.9,255.2,251.7,253.2,254.8,268.4
512,4242226,135544632,CC1=CC=C(C=C1)C(=O)N2CCC(CC2)C3=NC4=C(C(=O)N3)N=NN4CC5=CC=CC=C5OC,Inactive,0,,,,,,,,,,7,8.85,214.6,211.6,218.7,215.2,214.3,216.3,205.2,197.7,195.6
513,861435,662679,COC1=C(C=C(C=C1)C2=NN3C(=NN=C3SC2)C4=CC=CC=N4)OC,Inactive,0,,,,,,,,,,7,19.07,260.6,256.6,259.5,249.6,251.7,241.8,234.9,233.5,210.9
514,17505280,3739292,CNC(CC(=O)C1=CC=C(C=C1)[N+](=O)[O-])C(Cl)(Cl)Cl,Inactive,0,,,,,,,,,,7,8.2,229.4,224.6,222.4,227,227.4,220.8,219.7,214.6,210.6
515,24820382,16195158,CC1=NN=C(S1)SC2=CC(=C(C3=NON=C23)[N+](=O)[O-])NCCO,Inactive,0,,,,,,,,,,7,23.19,247.5,240.5,238.4,232.3,224.8,228.1,218.2,212.4,190.1
516,24795336,2948526,C=CS(=O)C1=C(C(=C(S1)Cl)N2CCOCC2)[N+](=O)[O-],Inactive,0,,,,,,,,,,7,18.46,227.5,228.8,222.8,223.6,218.6,214.7,207,203.3,185.5
517,24824986,16195853,C1CC1[C@@H]2C[C@@H](OC(=C2)C(=O)O)OCCCCO,Inactive,0,,,,,,,,,,7,-5.32,252,257.3,258.9,256.3,259.6,256.7,258,261.8,265.4
518,24782282,135460458,CCN1C(=NC2=C1C=CC(=C2)C(=O)N/N=C/C3=C(C(=C(C=C3)O)O)O)C,Inactive,0,,,,,,,,,,7,71.05,239,234.8,224.2,217.5,209.1,204.7,183.5,141,69.2
519,24824979,3306429,CC1=CC=C(O1)C2=NC3=C(N2CC4=CC=CC=C4)C(=O)NC(=O)N3CC5=CC=CC=C5,Inactive,0,,,,,,,,,,7,13.87,249.5,246.4,242.2,246.7,244.2,239,232.2,228,214.9
520,24811340,715691,C1=CC=C(C(=C1)N)N=C2C(=NSS2)Cl,Inactive,0,,,,,,,,,,7,-4.98,251.2,253.7,249.4,251.8,252.8,254.8,261.1,258.9,263.7
521,24794862,2220688,CC1=CC=C(O1)C2=NC3=C(C=C(C=C3)Br)C(=C2)C(=O)N4CCN(CC4)C5=NC=CC=N5,Inactive,0,,,,,,,,,,7,18.12,246.1,241.5,243.9,243.2,232.9,232.3,228.9,228.7,201.5
522,17504844,1192056,CC1=C(SC(=C1C(=O)N)NC(=O)/C=C/C2=CC=C(C=C2)OC)CC3=CC=CC=C3,Inactive,0,,,,,,,,,,7,-2.11,260.5,258.2,254.9,264.9,248.3,259.6,268.6,258.1,266
523,14737876,712290,CCN(CC)C1=NC(=NC(=N1)N)N(C2=CC=CC=C2)C3=CC=CC=C3,Inactive,0,,,,,,,,,,7,-4.5,255.5,257.2,249.6,256.8,265,249,257.1,262.7,267
524,17517333,2375710,CC1=C(SC(=C1C(=O)OC)NC(=O)COC2=NC=NC3=CC=CC=C32)C,Inactive,0,,,,,,,,,,7,-1.15,253.2,260.2,260.4,258.2,260.6,260.4,261.3,269.2,256.1
525,22416017,799650,C1=CC=C(C=C1)CCNC(=S)NCCC2=CC=CC=C2,Inactive,0,,,,,,,,,,7,-6.13,226.7,227.3,236.9,231.4,233.8,231.2,229.7,233.2,240.6
526,843169,645447,COCCNC(=O)CN1CCC(CC1)NC(=O)NC2=CC=CC=C2,Inactive,0,,,,,,,,,,7,2.2,231.8,240.4,232.6,234.4,236.2,236.1,233.7,234.1,226.7
527,24781219,1547881,CCOC1=CC=C(C=C1)C(=O)NC2=NN=C(S2)NC(=S)NC3=CC=CC=C3,Inactive,0,,,,,,,,,,7,-5.53,233.3,235.2,236.5,231.6,233.9,231.3,235.5,240,246.2
528,24786821,4128885,COC1=CC=C(C=C1)CC(=O)NC2=CC=CC=C2OC3=CC=CC=C3,Inactive,0,,,,,,,,,,7,2.62,228.7,230.4,225.3,233.2,227.7,231.8,224.4,228.8,222.7
529,24783063,1192552,CCOC(=O)C1=NC2=CC=CC=C2C(=N1)NC3=CC=C(C=C3)NC4=CC=CC=C4,Inactive,0,,,,,,,,,,7,9.28,253.2,251.8,256.8,250.1,252.1,245.8,247.5,237.4,229.7
530,17508080,1375190,CNC(=S)N(CC1=CC=CS1)CC2=CC3=C(C=C(C=C3)OC)NC2=O,Inactive,0,,,,,,,,,,7,-5.9,240.5,246.4,249.8,248.9,242.6,240.7,249.7,246.1,254.7
531,24811673,16193396,CC1=NN=C(S1)SC2=CC(=C(C3=NON=C23)[N+](=O)[O-])NCCCO,Inactive,0,,,,,,,,,,7,19.1,261.8,250,253.8,252.5,252.3,228.8,235.5,227.9,211.8
532,24791184,2192693,CCCCC1=CC=C(C=C1)NC(=S)NCC2=CC=C(C=C2)OC,Inactive,0,,,,,,,,,,7,-1.61,260.2,259.5,254.4,261.5,259.2,257.3,255.9,264.9,264.4
533,17508861,2891815,COC1=C(C=C(C=C1)C2CC3=C(C(NC4=CC=CC=C4N3)C5=COC6=CC=CC=C6C5=O)C(=O)C2)OC,Inactive,0,,,,,,,,,,7,-4.73,251.4,257.7,244,249.4,256.3,262.4,248,259.6,263.3
534,848728,651186,CCOC1=CC=CC=C1C(=O)NC2CC3CCCC(C2)N3C4CC4,Inactive,0,,,,,,,,,,7,-3.8,239.3,243.6,232.2,236.3,242.7,242,236.3,240.1,248.4
535,24816432,7190686,CCOC1=CC=CC=C1NC(=O)CSC2=NN3C(=NN=C3C4=CN=CC=C4)C=C2,Inactive,0,,,,,,,,,,7,18.24,239,241.1,237.5,233.4,230.2,236.3,223.3,213.1,195.4
536,22401338,11902446,C1=CC=C2C(=C1)C=CC(=N2)C(=O)C3=NN[C@H]4[C@@H]3C(=O)N(C4=O)C5=CC(=CC=C5)F,Inactive,0,,,,,,,,,,7,2.25,257.9,256.2,255,262.7,254.8,256.8,256.4,255.7,252.1
537,22409226,2535061,CC1=CC(=C(C=C1)N2N=C(C(=N2)C(=O)O)C)C,Inactive,0,,,,,,,,,,7,-5.4,224,231.8,224.9,230.4,231.2,230.3,233.7,230.2,236.1
538,24835141,2504643,CC1=CC(=NO1)NC(=O)CSC2=NN=C(N2CC3=CC=CC=C3)C4=CN=CC=C4,Inactive,0,,,,,,,,,,7,-4.44,225.3,223.7,227.5,231.2,224.9,219.9,233.8,228.6,235.3
539,14746196,878385,C1=CC(=CC(=C1)Cl)NC(=O)NC2=NC=C(C=C2)Cl,Inactive,0,,,,,,,,,,7,-4.72,239.3,233.6,233,245.5,241.1,234.8,240.4,254.6,250.6
540,11532917,4055,CC1=CC(=O)C2=CC=CC=C2C1=O,Inactive,0,,,,,,,,,,7,2.75,236.6,244.4,238.6,243.4,243.5,244.2,236.1,240.5,230.1
541,24835092,6893251,C1CCN(C1)S(=O)(=O)C2=CC=CC(=C2)C(=O)N/N=C/C3=CN=CC=C3,Inactive,0,,,,,,,,,,7,-1.01,218.2,225.9,221.5,216.2,224.7,223.8,218.9,224.5,220.4
542,24798885,16190556,CCOC(=O)C1(CCN(CC1)CC2=C(C(=CC=C2)OC)OC)CC3=CC(=CC=C3)OC,Inactive,0,,,,,,,,,,7,-0.16,244,254.4,250,251,248.6,246.7,249.1,245.1,244.4
543,17409311,3146235,C1CN(C2=CC=CC=C21)C(=O)CSC3=NC(=C(N=N3)C4=CC=CC=C4)C5=CC=CC=C5,Inactive,0,,,,,,,,,,7,1.71,227.5,229.6,234,231.3,232.7,223.4,226.5,228.7,223.6
544,17507387,1823283,C1=CC=C2C(=C1)C(=O)/C(=C/C3=CC=CS3)/S2,Inactive,0,,,,,,,,,,7,-3.78,251.5,252.2,251.2,256.3,257,257,251.5,253.7,261
545,14726698,1088735,C1CCC(CC1)NC(=O)COC(=O)C2=CC=CC=N2,Inactive,0,,,,,,,,,,7,-0.83,241.7,253.4,243.2,245.2,245.4,254.9,240,238.9,243.7
546,17513211,135517115,CC1=C(C(=NN1CC(=O)N/N=C(\C)/C2=CC=C(C=C2)O)C)[N+](=O)[O-],Inactive,0,,,,,,,,,,7,-2.77,252.9,256.6,254,249.9,256.3,250.5,263.6,250.3,259.9
547,24794795,2220915,COC1=C(C=C(C=C1)CCNC(=O)C2=CC(=NC3=C2C=CC=C3Cl)C4=CC=CC=N4)OC,Inactive,0,,,,,,,,,,7,-1.64,238.1,240.2,241,239.9,235.7,242.2,235.8,250.3,242
548,4247376,3241593,CC(CCC1=CC=CC=C1)NC(=O)C2CCN(CC2)S(=O)(=O)N3CCCCC3,Inactive,0,,,,,,,,,,7,-1.16,232.3,230,220.5,234.3,229.3,234,225.1,233.4,235
549,852303,654918,CC(C)(C)C1=NC(=C2C(=N1)N(N=N2)CC3=CC=CC=C3Cl)NCCN4CCOCC4,Inactive,0,,,,,,,,,,7,-3.49,229,233.1,226.6,227.6,223.9,237.1,224.4,232.3,237
550,14737163,4116002,COP(=O)(CC(=O)O)C1=CC=CC=C1,Inactive,0,,,,,,,,,,7,0.3,231.8,236.4,232.6,233.4,231.9,237.5,237.1,228.1,231.1
551,4263674,1305820,CC1=C(C(=NO1)C2=CC=CC=C2)C(=O)NC3=NN=C(S3)COC4=CC=C(C=C4)Cl,Inactive,0,,,,,,,,,,7,-3.86,253.7,254.1,269.3,255.1,253,245.3,263.3,262.5,263.5
552,857550,658904,CC1=C2C(CCS2(=O)=O)CC3(C1)C(=O)OC(OC3=O)(C)C,Inactive,0,,,,,,,,,,7,-1.16,223.6,235.4,232.2,224.7,234.3,234.1,227.9,227.4,226.2
553,22414764,15945810,CN=C(C1=CC=C(C=C1)Cl)NC2CCCCC2.Cl,Inactive,0,,,,,,,,,,7,1.41,255.2,255.6,247.7,253.4,252.7,247.2,253.7,261.4,251.6
554,850474,652995,C1CN(CCN1C2=NC=NC3=C2C=NN3C4=CC=CC=C4)C(=O)COC5=CC=CC=C5,Inactive,0,,,,,,,,,,7,4.51,224.1,219.5,222.6,220.3,222.4,222.9,210.3,212.3,214
555,846766,649159,C1CCN(C1)CC(COC2=CC3=CC=CC=C3C=C2)O,Inactive,0,,,,,,,,,,7,-0.34,236.9,227.3,241.8,242,236.6,233.3,237.2,244.9,237.7
556,852406,655029,CC1=CC=C(O1)C2=NC(=C(C(=C2)C3=CC4=C(C=C3)OCO4)C#N)N,Inactive,0,,,,,,,,,,7,9.01,231.9,221.9,219.8,225.7,223.4,215,214.6,213.1,211
557,848742,651199,CCC1=NN=C(S1)NC(=O)CSC2=NN=C(N2C3=CC=CC=C3)COC4=CC=C(C=C4)C,Inactive,0,,,,,,,,,,7,-1.81,265,266.9,263.5,258.7,254.9,267.5,270.8,263.1,269.8
558,843259,645540,CC1=C(C=CO1)C2=NN=C(N2C)SCC(=O)NC3=NON=C3C,Inactive,0,,,,,,,,,,7,-2.82,240.8,240.7,236.5,240.1,237.1,229.6,236.7,237.8,247.6
559,850448,652969,CC(=O)NC1(CCN(CC1)C(=O)C2=CC=CO2)C3=CC=C(C=C3)OC,Inactive,0,,,,,,,,,,7,2.48,246.1,239.7,255.1,243.6,254.1,253.6,250.4,255.6,240
560,851769,654362,CCN1N=C(N=N1)NC(=O)C2=CC=C(C=C2)OCC,Inactive,0,,,,,,,,,,7,0.4,251.9,250.5,258,261,252.6,248.8,252.5,254.3,250.9
561,846593,648983,CC1(CC(=O)N=C2N1C=CC=C2)C(=O)N(CC3=CC=CO3)CC(=O)NC4CCCC4,Inactive,0,,,,,,,,,,7,-3.32,228.8,234.7,223.2,228.2,232.7,239.4,235.3,236.2,236.4
562,14720619,1143135,CCN1C(=NN=C1SCC(=O)NC2=CC=C(C=C2)C)C3=CC=C(C=C3)O,Inactive,0,,,,,,,,,,7,2.16,263.5,258.6,258.6,257.8,258.4,264.4,262.2,264.1,257.8
563,842306,644565,COC1=CC(=C(C=C1)OC)NC(=O)CSC2=NN=NN2C3=CC=C(C=C3)C(=O)OC,Inactive,0,,,,,,,,,,7,4.19,246.1,252.7,248.3,244.7,250.4,245.5,248.6,249.7,235.8
564,858812,660120,CC1=CC(=CO1)C2=CC(=NC(=C2C#N)N)C3=CC=C(C=C3)Cl,Inactive,0,,,,,,,,,,7,8.85,245.3,250.7,255.4,251.8,252.4,241.9,237.2,232.3,223.6
565,861129,662393,CCN(CC)C1=CC=C(C=C1)C2=NN3C(=NN=C3S2)C4=CC=CC=C4OC,Inactive,0,,,,,,,,,,7,7.77,248.5,251.6,255.1,248.7,253.4,258.8,251.3,234.9,229.2
566,863256,664502,CC1=CSC(=N1)SCCN2C3=C(N=C2N4CCN(CC4)C5=CC=CC=C5)N(C(=O)NC3=O)C,Inactive,0,,,,,,,,,,7,0.86,231.6,227.6,229,230.5,225.8,232.6,225.9,225.4,229.6
567,4251898,3245527,COC1=CC=C(C=C1)N2CCN(CC2)CCCNC(=O)CCCN3C(=O)C4=C(C=CS4)NC3=O,Inactive,0,,,,,,,,,,7,-3.53,226.8,233.5,234.3,233.6,229.6,241.6,242.8,239.7,234.8
568,4243889,3238562,CC1=NC(=NC=C1)NS(=O)(=O)C2=CC=C(C=C2)NS(=O)(=O)C3=CC=CS3,Inactive,0,,,,,,,,,,7,1.11,226.2,229.1,231,229.7,228,232.6,224.3,227,223.7
569,4263807,2950528,CC1=CC(=C(C=C1OCC(=O)N)S(=O)(=O)NCC2CCCO2)Cl,Inactive,0,,,,,,,,,,7,3.69,233.1,235.2,229.8,226.4,222.1,228.2,227.2,216.8,224.5
570,4258599,2976923,CC(C)C(=O)N1CCN(CC1)C2=CC=CC=C2NC(=O)C3=C(C(=C(C(=C3F)F)OC)F)F,Inactive,0,,,,,,,,,,7,5.84,232.8,228.5,230.8,219.2,228.1,222,226.7,224.9,219.2
571,4257450,1255986,CN(C)S(=O)(=O)N(CC(=O)NC1=CC=CC=C1C(F)(F)F)C2=CC=CC=C2,Inactive,0,,,,,,,,,,7,3.72,257.8,262.8,254.3,251.6,256.1,252.4,250.7,248.7,248.2
572,4257870,213329,CC1=CC=C(N1C2=CC=CC(=C2)C(=O)O)C,Inactive,0,,,,,,,,,,7,14.73,242.3,236.9,237.9,246,240.5,242.7,232,218.4,206.6
573,3711146,2649562,C1=CC=C(C=C1)CC2=NN=C(O2)SCC(=O)NCC3=CC=CO3,Inactive,0,,,,,,,,,,7,1.02,256.1,249.7,257.1,266.7,262.3,260.2,259.7,260.2,253.5
574,3712209,2997934,CCCC1=NN=C2N1N=C(CS2)C3=CC=C(O3)C4=C(C=CC(=C4)Cl)Cl,Inactive,0,,,,,,,,,,7,5.87,246.9,249.4,244.2,246.3,248.3,242.1,251.9,248.7,232.4
575,3712084,2997881,C1CCC2=C(CC1)SC(=C2C(=O)N)N,Inactive,0,,,,,,,,,,7,-0.27,224.7,220.3,228.2,216.8,229.9,229.7,228.4,230.2,225.3
576,3717796,1081727,C1=CC=C(C=C1)CN2C(=NN=C2SCC(=O)C3=CC=CC=C3)C4=CC=CO4,Inactive,0,,,,,,,,,,7,2.5,256.2,250.7,261,261.1,247.6,262,252.4,253.2,249.8
577,4258373,737989,CCNC(=O)N1C2=C(C=C(C=C2)OCC)C(=CC1(C)C)C,Inactive,0,,,,,,,,,,7,4.17,256.6,240.1,258.1,253.7,247.5,259.6,249.7,246.5,245.9
578,4254648,2960189,CCC1=CC=C(C=C1)NC(=O)CC2C(=O)NCCN2,Inactive,0,,,,,,,,,,7,1.19,234.8,229.2,239.1,231.7,232.6,232.9,232.1,229.1,232
579,4264966,2961131,COC1=CC=C(C=C1)OCCNC(=O)C2=CC=CC=C2OCC(=O)N3CCCCC3,Inactive,0,,,,,,,,,,7,0.28,247.6,253,252.3,243,248.2,257.9,259.8,251.9,246.9
580,14723377,1383718,CC1=CC(=CC=C1)C(=O)N2CCC(CC2)C3=NC(=NO3)C4=CC=C(C=C4)S(=O)(=O)N5CCOCC5,Inactive,0,,,,,,,,,,7,-3.21,243.3,238.8,241.2,236,228.6,233.4,234.1,245.4,251.1
581,858298,135427590,CC(=O)N1C(=O)C(=C(N=C1SC)O)CC2=CC=C(C=C2)OC,Inactive,0,,,,,,,,,,7,1.4,249.8,257.7,244.2,252.6,248.2,257.1,250.6,255.9,246.3
582,856729,658088,CN1C2CCC1[C@H]3[C@@H](C(C(=C(C3=C2)C#N)N)(C#N)C#N)C4=CSC=C4,Inactive,0,,,,,,,,,,7,-0.54,257.7,255.7,263,261.4,266.3,254.5,253.2,243.8,259.1
583,844703,647033,CCOC(=O)C1=C(C(=NS1)C2=CC=C(C=C2)F)N,Inactive,0,,,,,,,,,,7,-4.97,241.3,250,246.4,249.7,251.8,252.8,251.5,249,253.3
584,853139,655791,CN1C(=NN=C1SCC(=O)N2CCC3=CC=CC=C32)CNC4=NC(=CS4)C5=CC=CC=C5,Inactive,0,,,,,,,,,,7,3.1,225.7,227.5,211.6,223.4,223.3,222.3,232.7,225.5,218.7
585,847106,649509,CC(=O)NC1=CC(=CC=C1)NC(=O)CSC2=NN=NN2C3=CC(=CC=C3)OC,Inactive,0,,,,,,,,,,7,1.16,241.9,245.1,246.8,237.9,246.4,244.9,243.6,248.1,239.1
586,842994,645272,CC1=CC(=NO1)NC(=O)CCCC(=O)N(CC(=O)NC2CCCCC2)C3=CC=CC=C3,Inactive,0,,,,,,,,,,7,-2.8,235.6,238,233.5,243.6,237.1,238.2,244.7,246.2,242.2
587,850070,652579,CCCN1C(=NN=C1SCC(=O)NC2=CC=CC=C2C3=CC=CC=C3)C4=C(OC=C4)C,Inactive,0,,,,,,,,,,7,-0.68,220.7,224.1,223.7,220.8,226.1,218.5,225,226.6,222.2
588,847852,650264,COC1=C(C=C(C=C1)NC(=O)C2=CC=CO2)NC(=O)C3=CC=CO3,Inactive,0,,,,,,,,,,7,2.94,238.5,239,242.7,235.7,231.7,230.9,234.8,234.2,231.5
589,847331,649731,CC1=C(SC(=C1C(=O)N)NC(=O)CCC(=O)OC)C,Inactive,0,,,,,,,,,,7,2.44,249.7,239.8,249,241.7,244.8,248.7,251.9,240.1,243.6
590,845709,648071,CC1=CC=C(C=C1)N2C(=NN=C2SCC(=O)NCC3=CC=CO3)CSC4=NC(=CC(=N4)C)C,Inactive,0,,,,,,,,,,7,0.04,236.9,233.2,239,246.8,242.3,239.8,242,241.5,236.8
591,860289,661591,CC1=C(SC(=S)N1C)NC(=O)NC(=O)C,Inactive,0,,,,,,,,,,7,-4.78,251.1,253,250,253.3,254.6,266.5,263.6,257,263.1
592,859755,661059,CC1=CC=C(C=C1)C2=CC(=NC(=C2C#N)N)C3=CC=C(O3)C,Inactive,0,,,,,,,,,,7,14.88,258,248.5,247,246.7,246.6,240.5,232.9,223.2,219.6
593,857588,658939,COC1=CC=C(C=C1)N2C(=C(C3=NC4=CC=CC=C4N=C32)C#N)NC(=O)C5=CC=CO5,Inactive,0,,,,,,,,,,7,15.65,247.9,248.3,246.6,246,249.9,243.5,243.5,225.5,209.1
594,863737,664989,CN1C2=C(N=C1N(C)CC3=CC=CC=C3)N(C(=O)NC2=O)C,Inactive,0,,,,,,,,,,7,-6.89,219.1,232.8,238.1,234.9,228.5,234.7,235.9,230.7,234.2
595,861079,662348,C1COCCN1CCOC2=NN=C(C3=CC=CC=C32)C4=CC=CC=C4,Inactive,0,,,,,,,,,,7,4.13,261.4,262.6,256.3,261.5,259.4,264.2,262,257,250.6
596,861404,662651,CC1=CC(=CC=C1)C2=NN=C3N2N=C(CS3)C4=CC=CC=C4,Inactive,0,,,,,,,,,,7,1.29,216.4,220.3,220.9,221.6,222.3,221.2,216.1,225.5,213.6
597,3712786,2998162,CC1=C(C(=NO1)C)CN2C(=O)C(NC2=O)(CC3=CC=CC=C3)CC4=CC=CC=C4,Inactive,0,,,,,,,,,,7,-3.54,251.4,255.5,249.3,256.8,250.9,259.1,252.2,260.3,260.3
598,4258304,1305910,C1CCN(C1)C(=O)C2=CC=CC=C2NS(=O)(=O)C3=CC=C(S3)Br,Inactive,0,,,,,,,,,,7,-0.36,222.9,224.9,229.2,227.6,227.9,220.4,226.4,231.5,223.7
599,4254855,2951711,CC1=CC2=C(C=C1)N(C(=C2C)C)CC(CN3C(=C(C(=N3)C)Br)C)O,Inactive,0,,,,,,,,,,7,-1.68,250.2,250.6,258.3,249.2,249.8,253.5,253,252.7,254.4
600,3711441,2123067,CCN1C(=NN=C1SCC(=O)OCC)C2=CC(=CC=C2)Cl,Inactive,0,,,,,,,,,,7,-2.11,242.2,253.2,251.6,245.9,256.1,249.4,243.7,241.3,247.3
601,7974500,2852584,C1C(OC2=CC=CC=C2O1)CN=CC3=CC=C(C=C3)O,Inactive,0,,,,,,,,,,7,-5.55,214.6,229.6,226.6,215,229.9,220.1,218.3,228.8,226.5
602,7978052,2854143,CNC(=O)C1=C(SC2=C1CCCCC2)N,Inactive,0,,,,,,,,,,7,3.7,240.7,231.6,240.9,233,232.5,236.6,239.2,230.4,231.8
603,7978328,2163470,CC1=C(C(=NO1)C2=CC=CC=C2Cl)C(=O)NC3=NNN=N3,Inactive,0,,,,,,,,,,7,-0.51,255.9,254.5,258.8,259.1,250.5,254.6,253.3,260.1,257.2
604,7973410,704601,CN(C)C1=CC=C(C=C1)NC2=NC(=CS2)C3=CN=CC=C3,Inactive,0,,,,,,,,,,7,-0.04,227.1,231.8,232.5,226.6,224.1,219.2,232.3,236.4,227.2
605,7977430,873464,CC1=C(C(=NC(=S)N1CC=C)N2CCOCC2)C(=O)C,Inactive,0,,,,,,,,,,7,-0.55,253,241.6,247.1,251.9,248.8,245.9,247.7,246.4,254.4
606,7973671,1363188,COC1=CC=C(C=C1)NC(=O)C2=CC=C(C=C2)CN3CCN(CC3)C4=CC=CC=C4,Inactive,0,,,,,,,,,,7,0.12,256.5,251.8,252.9,253.7,255,257.3,260.2,250.1,256.2
607,7977854,707882,COC1=CC2=C(C=C1)OC(=C2C(=O)N3CCOCC3)C4=CC=CC=C4,Inactive,0,,,,,,,,,,7,-0.47,233.9,222.5,231.1,231.8,228.5,227.4,234.8,233.6,235
608,7975039,740886,CC1=CC(=C(C=C1)OCC(=O)NCC2=CC=CC=N2)Br,Inactive,0,,,,,,,,,,7,-1.24,250.5,250.4,249.1,252.8,258.9,259.3,258.4,246.7,253.6
609,7973336,1221347,CCSC1=NN=C(S1)NC(=O)C2=C(ON=C2C3=CC=CC=C3Cl)C,Inactive,0,,,,,,,,,,7,0.08,258.7,262.4,260.2,258.3,260.8,262.1,271.5,259.1,258.5
610,7972975,1632774,CC1=C(SC2=NC(=NC(=C12)N)SCC=C)C,Inactive,0,,,,,,,,,,7,-2.16,254.1,259.8,255.8,258.4,255.2,254.8,259.1,254.2,259.6
611,7977614,1812537,CC1=CC=C(N1C2=CC=C(C=C2)N3CCOCC3)C,Inactive,0,,,,,,,,,,7,8.59,230.4,236.9,235.7,235.9,232,229.6,227.6,221.3,210.6
612,7978350,135401706,COC(=O)CC1=CC(=O)NC(=N1)NC2=NC3=CC=CC=C3O2,Inactive,0,,,,,,,,,,7,-0.27,220.6,231.9,226.6,235,228.1,223.5,225.2,231.2,221.2
613,14721158,3216273,CCCCN(C(C1=C(C(=CC=C1)OC)OC)C(=O)NC(C)(C)C)C(=O)CCC(=O)NC2=NOC(=C2)C,Inactive,0,,,,,,,,,,7,0.13,232.2,232.1,230.5,236,227.8,227.8,238.7,236.6,231.9
614,14721316,135444823,C1C(=C(C(=N)N1CC2=CC=CC=C2)C3=NC4=CC=CC=C4S3)O,Inactive,0,,,,,,,,,,7,2.21,226.1,234.3,231.5,228.6,234,225.5,222.9,224.4,221.1
615,14721594,803041,CC1=CC=C(C=C1)C2=NNC(=S)N2C3=CC=CC=C3,Inactive,0,,,,,,,,,,7,2.67,232.5,237.8,247.8,242.1,245.7,245,249.5,253.2,226.3
616,14721933,3228000,C1=CC=C(C=C1)C2=NN=C(C=C2)SCC(=O)NCC3=CC=CO3,Inactive,0,,,,,,,,,,7,-3.13,246,252.1,260,253.8,246.8,250.3,250.7,251.2,253.7
617,14722377,2849237,CCOC(=O)CCCNC(=O)C1=CC(=CN=C1)O.Cl,Inactive,0,,,,,,,,,,7,-1.15,260.1,254.2,257.2,263.2,264.6,250.1,265.8,264.2,263.1
618,14722500,3139639,CC1=C(C(=O)N(N1)C(=S)N)N=NC2=CC=C(C=C2)S(=O)(=O)N3CCCCCC3,Inactive,0,,,,,,,,,,7,4.02,263.8,265.9,267.9,263.6,261.7,261.2,265.4,267.5,253.2
619,14722647,3213030,COCCN1C(=NN=N1)CN(CC2=CC=CO2)CC3=CC4=CC5=C(C=C4NC3=O)OCO5,Inactive,0,,,,,,,,,,7,1.4,235.5,221.6,228.9,238.7,235,231.7,230.8,240.5,232.2
620,17409357,1480226,COC1=CC=C(C=C1)NC(=O)C2=C(C=CS2)SCC3=CC(=CC=C3)C(F)(F)F,Inactive,0,,,,,,,,,,7,-2.65,229.9,224.4,234,232.1,232.2,237.4,226.8,235.1,236
621,17409514,1479767,C1=CC(=C(C(=C1)Cl)Cl)C(=O)OCC2=CN=C(S2)Cl,Inactive,0,,,,,,,,,,7,-5.36,231.3,226.2,236.5,233.1,230.4,233.9,231.9,236.6,243.7
622,17513987,4888820,CS(=O)(=O)NN1C(NC2=CC=CC=C2C1=O)C3=CC=CC4=C3N=CC=C4,Inactive,0,,,,,,,,,,7,-0.09,225.3,231.8,221.5,221.3,226.4,220.4,228.3,222,225.5
623,17513985,4440827,CC1(C(N(C(=S)S1)NC(=O)NC2=CC=CC=C2)N(C(=O)NC3=CC=CC4=CC=CC=C43)O)C,Inactive,0,,,,,,,,,,7,-5.33,236.5,247.3,247.7,247.3,257.8,244.4,252.3,248.3,249.1
624,17517482,4838253,CCOC(=O)C1=C(NC(=O)NC1C2=CC=C(C=C2)OC)CP(=O)(C3=CC=CC=C3)C4=CC=CC=C4,Inactive,0,,,,,,,,,,7,1.27,236,229.6,234.2,237.6,230.1,233.9,230.1,230.8,233
625,22407965,9643741,C1=CC(=CC(=C1)Br)/C=N/NC2=C3C=CC(=CC3=NC=C2)Cl,Inactive,0,,,,,,,,,,7,4.6,239,233.5,234.8,240.5,239.2,234.7,228,0,0
626,22408600,6235849,CC(C(=O)NC1=CC=C(C=C1)[N+](=O)[O-])N2CCN(CC2)C/C=C/C3=CC=CC=C3,Inactive,0,,,,,,,,,,7,0.63,222.8,219.9,227,221.5,221.3,217.1,224.3,229.8,221.4
627,17517311,4242838,CCN(CC)C1=C(C=C(C=C1)NC(=O)COC2=CC=CC=C2C#N)S(=O)(=O)NC3=CC=CC=C3OC,Inactive,0,,,,,,,,,,7,-1.87,245.5,245.4,255.1,242.4,258.1,252.8,254.4,260.4,250.1
628,22402742,6112125,COC1=CC(=C(C=C1)C(=O)/C=C/C2=CC(=C(C(=C2)OC)O)OC)F,Inactive,0,,,,,,,,,,7,11.09,244.4,246.8,252.2,258,257.6,258.7,242.8,220.8,217.3
629,22401975,4518002,CCN(CC)C1=C(C=C(C=C1)NC(=O)C2=CC=CC(=C2)C)S(=O)(=O)NC3=CC=CC=C3OC,Inactive,0,,,,,,,,,,7,-4.05,251.6,244.9,248.3,245.5,251.7,248.7,250.5,249.2,261.8
630,22406958,2443440,CC1=C(C2=CC=CC=C2N1)C(=O)COC(=O)C3=C(ON=C3C4=C(C=CC=C4Cl)F)C,Inactive,0,,,,,,,,,,7,-2.27,229.2,226.6,224.9,226.1,225.8,222.6,230.1,239.5,234.4
631,22408998,9680913,CC1=CC=CC=C1/C=N/NC2=C3C=CC(=CC3=NC=C2)Cl,Inactive,0,,,,,,,,,,7,6.81,240.8,240.4,242.6,245.9,241.8,238.4,236.1,186,224.4
632,24786051,2085621,COC1=CC(=C(C=C1)OC)NC(=O)COC(=O)C2=CC3=C(S2)CCC3,Inactive,0,,,,,,,,,,7,6.5,247.7,235.1,236.2,229.7,239.2,236.3,237.7,233,231.6
633,22405617,839126,COC1=CC(=C(C=C1)NC(=O)CC2=C(C=CC=C2Cl)F)OC,Inactive,0,,,,,,,,,,7,-0.2,246.5,241.9,242.5,250.2,245.2,240.1,245.1,242.2,247
634,22405567,1540410,C1=CC=C(C(=C1)OCC(=O)NN)F,Inactive,0,,,,,,,,,,7,2.03,260.8,258.3,254.6,261.4,256.7,251.2,254.7,261.7,255.5
635,22406203,2673196,CC1=C(C=C(C=C1)C(=O)OC)NC(=O)CCNC(=O)C2=CC=C(C=C2)[N+](=O)[O-],Inactive,0,,,,,,,,,,7,3.56,255.5,250.8,255.5,251.3,260.3,254.1,256.2,259.4,246.4
636,17516750,4176954,CC1=CC2=C(C=C1)C=C(C(=N2)SC3=NN=NN3C4=CC=CC=C4)C,Inactive,0,,,,,,,,,,7,-2.89,228.2,219.8,219.3,225.9,232,213.7,202.4,223.2,234.8
637,17517453,3661963,CC(=O)NC1=C(C(=O)C2=CC=CC=C2C1=O)NC3CCS(=O)(=O)C3,Inactive,0,,,,,,,,,,7,18.87,263.9,254.7,252.9,251.9,248,235.5,228.3,219.4,214.1
638,22406206,9651933,C/C(=N\NC(=O)COC1=CC=C(C=C1)C#N)/C2=CC=CC=C2OC(F)F,Inactive,0,,,,,,,,,,7,-0.04,232.7,229,225.7,224.9,227.8,234.3,231,231.4,232.8
639,17517208,2305185,CCCCOC(=O)C1=NC(=C(C(=C1Cl)N)Cl)Cl,Inactive,0,,,,,,,,,,7,-3.78,251,259.4,261.7,259.8,252.2,259.8,250.9,253.2,260.5
640,17517329,9641005,C/C(=N\NC(=O)COC1=CC=C(C=C1)C(C)(C)C)/C2=CC3=C(C=C2)OCCO3,Inactive,0,,,,,,,,,,7,-0.51,233.8,237.2,234.2,230.6,228.8,235.1,235.3,234.3,235
641,24791346,4038685,COC1=C(C=C(C=C1)NC(=O)C2=CC3=C(C=C2)SCC(=O)N3)S(=O)(=O)NC4=CC=C(C=C4)Br,Inactive,0,,,,,,,,,,7,-1.87,224.4,224.6,225.4,235.5,229.1,228.5,224.4,228.6,228.6
642,22411430,6211977,CCOC(=O)/C(=C\C1=CC(=CC=C1)O)/C2=NC3=C(C(=C(S3)C)C)C(=O)N2,Inactive,0,,,,,,,,,,7,-6.58,250.9,252.4,252.3,260.9,261.4,263.8,266.5,257.5,267.4
643,22403431,9654767,CC1(C2CC=C(C1C2)/C=N/NC(=S)NC)C,Inactive,0,,,,,,,,,,7,-4.25,254.1,264.7,258.8,253.2,257.7,257.3,259.9,256.5,264.9
644,22401086,4195720,CCN(CC)C1=C(C=C(C=C1)NC(=O)C2=CC=CC=C2Br)S(=O)(=O)NC3=CC=CC=C3OC,Inactive,0,,,,,,,,,,7,-7.34,254.6,260,259.6,257.8,256.5,259.5,269.5,268.8,273.3
645,22404138,6236321,C1=CC=C2C(=C1)N=C(S2)/C(=C/C3=C(C=CC(=C3)[N+](=O)[O-])Cl)/CCC(=O)O,Inactive,0,,,,,,,,,,7,-7.56,221,229.8,227.9,242.9,227.7,234.7,236.5,228.4,237.7
646,22409391,4881429,CC1=CC=C(O1)C(=O)NC2=CC(=C(C=C2)N3CCCCC3)S(=O)(=O)NC4=CC=C(C=C4)OC,Inactive,0,,,,,,,,,,7,3.02,255.1,254.6,257.1,252.1,250.5,256.1,264.1,247.5,247.4
647,22409494,6377798,CCOC(=O)/C(=C\C1=CC=C(C=C1)Cl)/C2=NC3=C(C(=C(S3)C)C)C(=O)N2,Inactive,0,,,,,,,,,,7,1.14,262.2,260.4,260.5,268.8,259.6,252.7,255.1,260.1,259.2
648,22409454,4962005,C1=CC=C(C=C1)C2=CNC(=S)N2C3=CC=CC=C3Cl,Inactive,0,,,,,,,,,,7,2.97,218.7,228.6,231,218.1,225.5,224.8,217.9,207.7,212.2
649,22401016,4188525,COC1=C(C=C(C=C1)NC(=O)C2=C(C=CC=C2F)F)S(=O)(=O)NC3=CC=C(C=C3)Br,Inactive,0,,,,,,,,,,7,1.64,232.1,225,236,232.2,229.8,237.6,233.7,233.5,228.3
650,17516652,5829459,CN(C)C1=CC=C(C=C1)C(=O)/C=C/C2=CC=C(C=C2)Br,Inactive,0,,,,,,,,,,7,0.63,236.9,237.6,242.1,243.8,242.5,230.8,249.3,246.7,235.4
651,17516578,5452980,CC\1(C2=CC=CC=C2N(/C1=C\C(=O)NC3=CC=C(C=C3)Cl)C)C,Inactive,0,,,,,,,,,,7,-2.18,238.6,229,233.8,224.3,224.4,235.8,234.6,229.2,243.8
652,17516589,5046669,CC1CC2=CC=CC=C2N1C(=O)C3=CC(=C(C=C3)N4CCCC4)[N+](=O)[O-],Inactive,0,,,,,,,,,,7,2.19,260.5,255.3,257.6,252.8,254.6,263,258.4,255.1,254.8
653,24835822,2427403,C1CC1C(=O)NC2=NNC(=N2)C(F)(F)F,Inactive,0,,,,,,,,,,7,2.47,262.7,265.9,273.5,269.9,268.2,267.2,264.8,261.3,256.2
654,24827838,609935,C1=CC=C(C=C1)C(CN)C2=CNC3=CC=CC=C32,Inactive,0,,,,,,,,,,7,0.3,237,242.6,246,240.2,240,234.8,235.8,243.4,236.3
655,14738605,602897,COC1=CC(=C(C=C1N=C2C(=NSS2)Cl)OC)Cl,Inactive,0,,,,,,,,,,7,18.2,232.4,234.7,234.9,239.7,235.4,233.3,239.2,233.8,190.1
656,14738604,715698,C1=CC(=CC=C1C#N)N=C2C(=NSS2)Cl,Inactive,0,,,,,,,,,,7,23.05,216.5,217.3,220.1,218.8,221.7,214.5,218.1,215.1,166.6
657,14738603,715719,CC1=CC=C(C=C1)N=C2C(=NSS2)Cl,Inactive,0,,,,,,,,,,7,4.88,225.5,234.2,228.1,229,237.5,245.9,241.7,243.3,214.5
658,14734519,9550611,CN(CCO)C1=C(C2=NON=C2C(=C1)SC3=NC4=CC=CC=C4S3)[N+](=O)[O-],Inactive,0,,,,,,,,,,7,4.66,218.8,228,219.6,224.5,219.1,224.1,224.5,224.7,208.6
659,14735642,9550793,CC1=CC=C(C=C1)C2=NN=C(O2)CC3=CC=C(C=C3)Cl,Inactive,0,,,,,,,,,,7,4.54,266.6,264.9,259.1,269.7,260.5,256.6,256.7,257.9,254.5
660,14724387,748350,C1=CC=C2C(=C1)C=C(O2)C(=O)NC3=CC=CC=N3,Inactive,0,,,,,,,,,,7,-1.96,240.4,241.1,239.3,247.4,242.8,239.6,244,247.3,245.1
661,14726173,838350,CC1=CC(=CC=C1)N2C(=NNC2=S)C3=CC=NC=C3,Inactive,0,,,,,,,,,,7,9.07,256.8,253.5,264.6,266.6,270.9,263.5,270.5,259.3,233.5
662,14726163,876242,C1CCN(CC1)C2=NC3=CC=CC=C3C(=N2)C4=CC=CC=C4,Inactive,0,,,,,,,,,,7,-0.28,247.2,247.8,257.2,256.2,252.2,250.1,247.8,238,247.9
663,14726514,2790607,CCOC(=O)C1=CC(=CC=C1)NC2=NC=NC3=CC=CC=C32.Cl,Inactive,0,,,,,,,,,,7,-4.22,222.9,232.5,229,228.8,240.5,235.4,232.7,227.9,232.3
664,14726527,846245,CCOC(=O)C1=C(N=CN1)C(=O)NC(C)C,Inactive,0,,,,,,,,,,7,3.81,259.9,250.6,253.2,252.3,253.6,259.5,244,242.9,250
665,14726923,1090058,COC1=C(C=CC(=C1)NC(=O)C2=CC3=C(C=C2)OCO3)NC(=O)C4=CC=CO4,Inactive,0,,,,,,,,,,7,-0.17,229.9,222.1,229.7,225.9,229.9,236.5,227.8,233.6,230.3
666,14740402,4295876,COC1=CC=CC=C1N2C(=O)C3=C(CCS3)N=C2SCC(=O)N4CCC5=CC=CC=C54,Inactive,0,,,,,,,,,,7,-2.66,251.7,251.9,252,248.2,246.5,260.2,250.9,248.1,258.4
667,14736399,2830247,C1=CC=C(C=C1)CC(=O)OCCNC(=O)C2=C[NH+]=CC=C2.[Cl-],Inactive,0,,,,,,,,,,7,3.92,257.5,255.2,255,258.4,250.9,248,258.1,250.8,247.4
668,14733864,2836992,C1CC2CC1CC2C(=O)NCC3=CC=CO3,Inactive,0,,,,,,,,,,7,1.92,250.1,243.8,253.6,250.8,251.3,253.3,254.5,245.4,245.3
669,14732440,882402,CC1=CC(=C(N1C2=C(C=CC(=C2)Cl)OC)C)C=O,Inactive,0,,,,,,,,,,7,-0.23,220.8,217.5,217.6,215.7,229.1,223.3,223.6,222.8,221.3
670,14746271,2196287,CN1C(=NN=C1SCC(=O)NC2=NC3=CC=CC=C3S2)C4=CC=C(C=C4)OC,Inactive,0,,,,,,,,,,7,1.92,255.3,258.9,256.9,254.7,256.1,261.4,258.5,267.7,250.4
671,14730943,898185,CCC1=CC(=CC=C1)NC(=O)COC2=CC=CC=C2,Inactive,0,,,,,,,,,,7,3.04,263.2,252.1,259.6,256.5,256.8,253.5,257.8,254.8,255.2
672,14736541,977493,COC1=CC=CC=C1NC(=O)CSC2=NN(C=N2)C3=CC=CC=C3,Inactive,0,,,,,,,,,,7,-1.54,246.7,251.9,243.4,247.4,244.7,244.3,245.7,244.4,250.5
673,14736693,1292146,CC1=CC=CC=C1C2=NC(=NO2)C3=CC=C(C=C3)NC(=O)C4=CC5=C(C=C4)OCO5,Inactive,0,,,,,,,,,,7,-0.96,259.8,256.6,255,260.8,264.5,254.2,258.7,267.2,262.3
674,14739466,2209493,CCCCC(=O)NC1=CC=C(C=C1)C(=O)N2CCC(CC2)C(=O)OCC,Inactive,0,,,,,,,,,,7,-1.47,224.5,227.2,233.7,225.6,232.3,228.5,225.2,223.8,227.8
675,14728377,1715432,CC1=CC=C(C=C1)C(=O)C(=C2SCCCS2)C(=O)/C=C/C3=CC=CC=C3,Inactive,0,,,,,,,,,,7,0.3,235.3,236.7,240.4,240.2,240.8,245.2,240.8,237.3,234.6
676,14728124,962111,COC1=CC=CC=C1OC2=CC3=C(C=C2)C(=O)N(C3=O)C4=CC=CC=C4,Inactive,0,,,,,,,,,,7,13.8,223.2,220.2,218.3,225.4,221.9,234,231.9,226.3,192.4
677,17504007,135477972,CC1=C(C=C(C=C1)N2C(=O)C(=C(N2)C)/C=N/NC3=C(C=C(C=C3)[N+](=O)[O-])[N+](=O)[O-])C,Inactive,0,,,,,,,,,,7,-1.81,226.7,222.6,223,232.9,227.7,231.1,226.7,232.9,230.8
678,14719242,841625,COC1=CC=C(C=C1)C(=S)N2CCCCCC2,Inactive,0,,,,,,,,,,7,-5,228,232.6,230.6,234,238.3,240.1,244.6,245.1,239.4
679,14719117,9549141,C1=CC=C(C=C1)C2=CC3=C(C=C2)C(=O)C(=O)C4=CC=CC=C43,Inactive,0,,,,,,,,,,7,5.05,247.4,268.7,258.8,257.5,252.1,260,242.7,252.6,234.9
680,14728458,829872,CC1=CC=C(C=C1)S(=O)(=O)NC(=O)COC2=CC=CC=C2C,Inactive,0,,,,,,,,,,7,0.9,256.6,256.6,257.2,256.9,254,250.4,258.4,257.4,254.3
681,14728288,1798823,CCOC(=O)/C(=C\OCCOC1=CC(=C(C=C1)Cl)Cl)/C2=CC=CC=C2,Inactive,0,,,,,,,,,,7,-1.86,236.3,238.5,231.5,234,240.7,230.4,229.2,241.7,240.7
682,14728131,901016,C1=CC=C(C(=C1)NC(=O)NC2=NC=C(C=C2)Cl)F,Inactive,0,,,,,,,,,,7,2.07,236.3,227.8,228.7,225.1,226.7,227.9,234.5,230.4,231.4
683,14728147,4088032,CC1=C(C(C2=C(N1)C3=CC=CC=C3S2(=O)=O)C4=CC=C(C=C4)OC)C#N,Inactive,0,,,,,,,,,,7,-3.3,233,239.2,238.7,235.9,229.1,233.4,236.5,240.1,240.7
684,17431564,5759278,CN\1CCS/C1=C/C=C/2\C(=O)N(C(=S)S2)CC3=CC=CC=C3,Inactive,0,,,,,,,,,,7,-0.6,215.8,220.5,226.2,218.3,222.9,217.7,223.4,225.4,217.1
685,17508786,3232141,CCN1CCN(CC1)C2=CC=C(C=C2)NC(=O)C3=CC4=C(C=C3)N(C(=O)N4)CC5=CC=C(C=C5)OC,Inactive,0,,,,,,,,,,7,7.72,242.3,230.2,233.7,238.7,230.1,237.7,240.8,230.2,223.6
686,17505036,1042999,C1=CC=C(C=C1)C(=O)C2=C(C3=CC=CC=C3S(=O)(=O)N2)NC4=CC=CC=C4,Inactive,0,,,,,,,,,,7,0.43,232.1,229.9,227.7,234.1,221.2,224.4,220.4,225.8,231.1
687,17507956,135464666,COC1=C(C=CC(=C1)/C=N/NC(=O)CN(CC2=CC=CO2)S(=O)(=O)C3=CC=CC=C3)O,Inactive,0,,,,,,,,,,7,13.17,252.8,249.4,254.4,251.9,253,251.9,231,226.3,219.5
688,17508416,5584117,CCCCCCC1=C(C=C2C(=C1)C=C(C(=O)O2)C(=O)NC3=CC=CC=C3)O,Inactive,0,,,,,,,,,,7,0.59,237.6,243.3,250.5,246,247.5,254.4,250.3,246.5,236.2
689,17507884,2885901,C1CC(OC1)CNS(=O)(=O)C2=CC=CC(=C2)[N+](=O)[O-],Inactive,0,,,,,,,,,,7,4.11,238.2,227.4,245,227,232.6,236.7,235.7,232,228.4
690,14730465,7412007,C/C(=N\NC(=O)CC1=CC=CN1C)/C2=CC3=CC=CC=C3C=C2,Inactive,0,,,,,,,,,,7,-2.49,225.1,229.5,231.6,227,233.2,226.3,230.1,233.9,230.7
691,14742613,4332495,CCN1CCN(CC1)CC(=O)C2=CNC3=C2C=C(C=C3)C,Inactive,0,,,,,,,,,,7,4.15,257.9,253.2,251.9,251.8,252.8,254.8,247.1,254.5,247.2
692,17508984,731728,CCOC(=O)C1=C(C(=C(S1)NC(=O)C2=CC=NC=C2)C#N)C,Inactive,0,,,,,,,,,,7,0.72,222.1,226.5,231.1,228.1,227.7,224.4,230.1,226.4,220.5
693,14728890,9549925,CCCCC1=CN(N=N1)[C@@H](CCCC[NH3+])C(=O)N2CCN(CC2)C3=NC(=NC(=N3)NCCOCCOCCOCC#C)N4CCN(CC4)C(=O)[C@H](CC5=CC=C(C=C5)O)N6C=C(N=N6)CCO.[Cl-],Inactive,0,,,,,,,,,,7,-15.73,241,246,234.7,245.7,241.5,252.6,251.9,237.5,278.9
694,17407393,11958616,CC1=C(SC(=N1)NC(=O)CC(C)C)C2=CSC(=N2)NC3=CC=C(C=C3)Cl,Inactive,0,,,,,,,,,,7,1.88,261,259.8,257.8,255,262.1,261.7,259,261.6,256.1
695,14745870,3732815,CC1=CC2=C(C=C1)N(C3C2CN(CC3)C)C(=O)NC4=CC(=CC=C4)Cl,Inactive,0,,,,,,,,,,7,3.1,264.4,260.1,264.5,262.2,263.6,264.3,265.3,270.7,256.2
696,14745427,9660792,CNC1=NC2=CC=CC=C2N1/N=C/C3=C(C(=CC=C3)OC)OC,Inactive,0,,,,,,,,,,7,0.77,220.5,216.8,219.6,223.9,222.4,218.8,221.2,230.9,218.8
697,14745309,4678870,C1CC1C2=NN=C(S2)NC(=O)C3CC4=CC=CC=C4CN3S(=O)(=O)C5=CC=CC=C5F,Inactive,0,,,,,,,,,,7,0.12,249.4,260.1,256.8,255.5,262.4,258.9,253.7,259.3,249.1
698,14744232,9551910,CC1=CC(=C(N1CCC(C)C)C)C2=CSC(=N2)N.Cl,Inactive,0,,,,,,,,,,7,5.79,226.4,233.8,242.5,231,237.5,234,233,233.3,213.3
699,17507520,5758591,C1C/C(=C\C2=CC=C(C=C2)F)/C3=C(C1)C(NC(=S)N3)C4=CC=C(C=C4)F,Inactive,0,,,,,,,,,,7,2.91,250.5,240.8,244.6,247.2,243.7,251.3,247.8,253.1,243.2
700,14745147,3272407,C1C(=NN2C(=NN=C2S1)CC3=CC=CC=C3F)C4=CC=C(C=C4)F,Inactive,0,,,,,,,,,,7,-1.91,251.5,255.1,249.9,271,260.6,250,258,250.3,256.3
701,17505915,621951,CC1=C(C=C(C=C1)N2C(=O)C(=C(C)C)C(=O)N2)Cl,Inactive,0,,,,,,,,,,7,0.92,227.9,226.4,230.4,228.7,224.2,229,234.5,229.9,225.8
702,14744527,2118762,CC1=CSC(=N1)NC2=CC=CC=C2C(F)(F)F,Inactive,0,,,,,,,,,,7,-0.04,259.5,253.9,262.5,262,256.1,253.4,266.5,254.6,259.6
703,17507464,1919075,CCCCOC1=CC=C(C=C1)CC2=C(N=C(N=C2Cl)SC)N3CCOCC3,Inactive,0,,,,,,,,,,7,-0.55,254.3,266.4,253.8,257.3,257.2,256.6,261.9,250.8,255.7
704,17507553,3192294,CC1CC2=CC=CC=C2N1C(=O)CSC3=NC(=NC4=C3C(=C(S4)C)C)C(C)C,Inactive,0,,,,,,,,,,7,0.64,234.4,236.5,222.3,231.2,231.4,233.2,228.5,229.6,232.9
705,17432560,265867,CC1=CC=C(C=C1)NC2=C(C(=O)C3=CC=CC=C3C2=O)Cl,Inactive,0,,,,,,,,,,7,-3.17,262.1,258.7,266.5,265.6,262.9,263.5,283,270.6,270.4
706,17506362,2901205,C1=CC=C(C=C1)C(=O)C2=NN(C3C2C(=O)N(C3=O)C4=CC=CC=C4)C5=CC=CC=C5,Inactive,0,,,,,,,,,,7,4.66,227.3,233.6,234,230.9,234.5,230.2,230.5,219.9,216.7
707,17433582,5507445,CC1=CC=C(C=C1)N2C(=O)/C(=C\C3=CC=C(S3)Br)/C(=N2)C,Inactive,0,,,,,,,,,,7,0.99,252.9,256.4,241.2,250.4,252.9,251.8,253.4,252.9,250.4
708,17432761,1338487,CC1=C(C=CC(=C1)NC(=O)CCSC2=CC=CC=C2)Br,Inactive,0,,,,,,,,,,7,-2.17,258,250.8,254.8,254.2,258.6,260.3,251.6,254.8,263.6
709,17412996,807871,C1=CC=C(C=C1)C2=CNC(=S)N2C3=CC=CC=C3,Inactive,0,,,,,,,,,,7,-2.97,259.5,268.2,266.6,269.8,275.3,261.9,259.8,266.4,267.2
710,17433595,862120,C1CN(CCN1C2=CC=CC=C2F)C(=O)C3=NC=CN=C3,Inactive,0,,,,,,,,,,7,0.24,253.1,255.4,254.9,249.7,251.4,249.6,255.2,251.7,252.5
711,17434081,896133,C1COCCN1CCNC(=O)C2=C(C=CC(=C2)Cl)[N+](=O)[O-],Inactive,0,,,,,,,,,,7,0.39,229,226.4,232.6,230.2,233.1,237.4,236.4,233.6,228.1
712,17432133,2276435,COC1=CC2=C(C=C1)N=C(S2)NC(=O)C3=CC=C(O3)C4=CC(=CC=C4)[N+](=O)[O-],Inactive,0,,,,,,,,,,7,2.24,228,228,218.3,226.5,219.5,225.5,223.4,219.6,222.9
713,17433266,1316586,COC1=CC=CC=C1OCC2=CC=C(C=C2)C(=O)NC3=CC=CC=C3F,Inactive,0,,,,,,,,,,7,-1.94,237.7,232,228.8,228.3,233.4,233.8,242,225.5,242.3
714,17433885,1306156,CC1=CC=C(C=C1)SCCC(=O)NC2=CC(=C(C=C2)Br)C,Inactive,0,,,,,,,,,,7,0.79,228.8,235.6,229,224.8,225.6,233.8,232.3,242.2,227
715,17414161,2200341,CCOC1=CC=CC(=C1OCC2=CC=CC=C2Cl)CNC3=CC=C(C=C3)O,Inactive,0,,,,,,,,,,7,11.56,225,225.3,223.6,224.4,214.6,204.2,199.9,200.4,199
716,17505522,687963,C1=CC=C(C(=C1)NC(=O)CN2C=NC=C2C3=CC=C(C=C3)[N+](=O)[O-])F,Inactive,0,,,,,,,,,,7,4.98,243.1,238.4,241.1,238.9,231.6,244.3,234.8,235.7,231
717,17432474,1833763,COC(=O)CC1=CC=C(C=C1)NC(=S)N2CCN(CC2)C3=CC(=CC=C3)O,Inactive,0,,,,,,,,,,7,4.56,232.7,224.6,220.8,221.8,216.4,216,228.4,230.7,222.1
718,17412053,2237491,CCSC1=NC=C(C(=N1)C(=O)NC2=C(C3=C(S2)CCCC3)C(=O)NCC4=CN=CC=C4)Cl,Inactive,0,,,,,,,,,,7,1.92,260.2,261.8,259.6,261,261.1,259.6,254.6,258.4,255.2
719,22401503,3578754,C1=CC(=CC=C1C2=CN(C(=S)N2)C3=CC=C(C=C3)Cl)[N+](=O)[O-],Inactive,0,,,,,,,,,,7,11.94,257.1,258.8,253.1,257,257,257.4,250.9,251.4,226.4
720,17510985,2272534,COC1=C(C=CC(=C1)/C=C\2/C(=O)NC(=S)S2)OS(=O)(=O)C3=CC=CC=C3,Inactive,0,,,,,,,,,,7,1.32,243.1,250.8,249.3,242.5,239.2,244.8,243.7,245.9,239.9
721,17504565,2893217,COC1=C(C=C(C=C1)C(=O)NC2=CC=C(C=C2)NC(=O)C3=CC=CS3)Cl,Inactive,0,,,,,,,,,,7,-0.46,241,240.1,250.9,243.2,235.9,241.2,248.1,242,242.1
722,17509251,3114032,CC1=CC(=C(C=C1)C)NC(=O)C(=O)NCC2=CC=CC=N2,Inactive,0,,,,,,,,,,7,-2.38,231,233.8,234.2,237,235,236.6,231.3,235.5,236.5
723,17505472,135497988,CC1=CC=C(C=C1)NC(=O)CC2C(=O)N/C(=N\N=C\C3=CNC4=CC=CC=C43)/S2,Inactive,0,,,,,,,,,,7,-1.3,222.4,219.4,217.8,223.7,225.7,227.3,225.2,222.7,225.3
724,17510233,20846837,CCOC(=O)C1(CC(OC1=O)(C)C)CC/C(=N\NC(=O)N)/C,Inactive,0,,,,,,,,,,7,1.52,250.7,256.7,250.8,258.6,259.5,260,254.7,253.6,246.9
725,17511245,2928413,CC(C)C(=O)NC(C1=CC=CC=C1)C2=CC(=C3C=CC=NC3=C2O)[N+](=O)[O-],Inactive,0,,,,,,,,,,7,4.33,242.3,260.9,249.8,262.5,257.3,252.8,262.5,244.5,231.8
726,17511317,12005499,CC1=CC=C(C=C1)C(C2=CC(=C3C=CC=NC3=C2O)[N+](=O)[O-])NC(=O)C(C)C,Inactive,0,,,,,,,,,,7,6.22,255.6,250.7,257.6,252.2,258.7,252.5,256.9,244.8,239.7
727,17511251,135517020,C1=CC=C(C(=C1)/C=C/C=N/N=C/2\NC(=O)C(S2)CC(=O)O)[N+](=O)[O-],Inactive,0,,,,,,,,,,7,0.21,240.4,241.8,249.4,245.3,217.5,249,253.2,255.4,239.9
728,17511218,4402816,CC1NC2=CC=CC=C2C(=O)N1NS(=O)(=O)C3=CC=CC=C3,Inactive,0,,,,,,,,,,7,2.54,260.1,257,264.7,259.2,255,269.8,261.2,263.4,253.5
729,17509951,4014737,C1CCC(CC1)NC(=O)C2(CCCCC2)N(CC3=CC=CS3)C(=O)C4=NC=CN=C4,Inactive,0,,,,,,,,,,7,-2.34,248.3,257.1,251.5,254.1,254.5,257.1,250,256,254.1
730,17512559,3248741,CC1=CC=CC=C1N2C(=O)C3=C(NN=C3)N=C2SCC4=CC(=CC=C4)F,Inactive,0,,,,,,,,,,7,0.34,264.3,257.4,253.2,260.6,253.6,260.4,269.4,259.9,263.4
731,17512511,4524445,CC1=C(C=C(C=C1)NC(=O)C2=C(C=CC(=C2)S(=O)(=O)NCCC3=CCCCC3)F)F,Inactive,0,,,,,,,,,,7,2.49,249.2,252.6,241.6,245.7,246.1,249.2,255.8,255.3,243
732,17505298,12004577,COC1=CC(=C(C=C1)OC)NC2=C(C=C(C=C2)C(=O)O)[N+](=O)[O-],Inactive,0,,,,,,,,,,7,8.08,229.1,224.3,222.9,219.1,224.4,224.9,224.8,220.2,210.6
733,17511891,12005571,C1CC2=NN=C(N2C1)C3=CC=[N+](C=C3)CC(=O)C4=CC=C(C=C4)Cl.[Br-],Inactive,0,,,,,,,,,,7,3.21,265,254.4,258.5,265.4,272.7,264.9,267.5,267,256.5
734,17511381,12005514,C1CC2=NN=C(N2C1)C3=CC=[N+](C=C3)CC(=O)C4=CC(=C(C=C4)Cl)Cl.[Br-],Inactive,0,,,,,,,,,,7,5.88,241.5,249,252.1,244.6,244.1,254.4,250.8,238.4,227.3
735,17511373,1540074,CC1=C(C=CC(=C1)C2=NN(C=C2/C=C\3/C(=O)N=C(S3)N)C4=CC=CC=C4)OC(C)C,Inactive,0,,,,,,,,,,7,5.88,263.4,254.1,267.7,255.2,257,263.1,260,260.8,247.9
736,17512235,3468758,COC(=O)C1=C(C2=CC=CC=C2N1)NC(=O)C3=CC=CC=C3[N+](=O)[O-],Inactive,0,,,,,,,,,,7,0.2,252.3,260.1,254,258.1,250.4,257.6,255.9,257.3,251.8
737,17512875,710962,C1=CC=C2C(=C1)C(=NC(=N2)C3=CC=NC=C3)NC4=CC(=CC=C4)F,Inactive,0,,,,,,,,,,7,-1.79,246.4,242.8,254.4,248.7,247.2,250.2,243.6,239.9,250.8
738,17511782,9632496,C1=CC(=CC=C1/C=N/NC2=C3C=CC(=CC3=NC=C2)Cl)Br,Inactive,0,,,,,,,,,,7,36.49,251,253.7,253,249.4,245,255.3,247.7,153.2,159.4
739,17506058,6880007,C1=CC(=CC(=C1)[N+](=O)[O-])/C=N/NC(=O)C2=CC=CS2,Inactive,0,,,,,,,,,,7,-0.58,259.5,257.1,257.9,255.5,256.6,257.4,261.5,257,261
740,17504098,135432762,CC1=CC(=CC=C1)N2C(=C(C(=O)NC2=S)/C=N/N3CCOCC3)O,Inactive,0,,,,,,,,,,7,-7.5,213.3,221.5,224.7,219.3,222.4,222.1,225.9,222,229.3
741,17513344,6864720,C1=CC=C(C=C1)CC(=O)N/N=C/C2=CC=CN2C3=CC=C(C=C3)[N+](=O)[O-],Inactive,0,,,,,,,,,,7,3.28,243.7,247.3,251.8,245.1,249.8,253.4,251.6,260.8,235.7
742,24793068,2209414,C1CN(CCN1C2=C(C(=O)N(N=C2)C3=CC=CC=C3)Cl)C(=O)C4=CC(=CC=C4)Br,Inactive,0,,,,,,,,,,7,-3.1,229.4,241.5,241.4,237.2,238.4,234,240.6,253.7,236.5
743,24792626,2956746,C1CNC(=O)C(N1)CC(=O)NC2=CC(=CC=C2)[N+](=O)[O-],Inactive,0,,,,,,,,,,7,1.28,258.6,256,254.7,255.3,259,254.4,261.5,265.2,255.3
744,24788388,3335918,C1CC(CCC1CN2C(=O)C3=CC=CC=C3NC2=S)C(=O)N4CCN(CC4)C5=CC=CC=N5,Inactive,0,,,,,,,,,,7,1.83,261.9,250.1,262.1,258.4,248.9,261.3,254.7,262.5,257.1
745,24796121,977949,CC1(CC(CC(N1)(C)C)NC(=O)COC2=CC=C(C=C2)[N+](=O)[O-])C,Inactive,0,,,,,,,,,,7,-0.83,240.3,241.6,246.7,241.5,245,244.8,249.2,245,242.3
746,24789231,1295392,CC(=O)C1=CC(=CC=C1)NC(=O)NC2=CC(=C(C=C2C(=O)OC)OC)OC,Inactive,0,,,,,,,,,,7,1.02,255.1,246.7,249.4,255.2,259.2,252.8,252.6,250.9,252.5
747,24794036,1046265,COC1=CC=CC=C1N2C(=NNC2=S)C3=CC(=NN3)C4=CC=C(C=C4)F,Inactive,0,,,,,,,,,,7,3.61,232.8,235.3,237.5,232.6,238.6,229.9,230.9,236.9,224.4
748,22404060,1334251,CC1=CC=C(O1)/C=C/2\C(=O)N(C(=O)N2)CC3=CC=C(C=C3)Br,Inactive,0,,,,,,,,,,7,7.29,235.9,233.5,234.2,235.7,243.9,233.1,226.5,225.2,218.7
749,22403948,615346,C1=CC=C2C(=C1)C(=O)N(C2=O)C3=CC=CC4=C3N=CC=C4,Inactive,0,,,,,,,,,,7,-0.93,235.6,244.5,237.8,236.4,240.7,245.5,226.3,244.9,237.8
750,24794503,5741652,CC1=CC2=C(C=C1C)N=C(N2)/C(=C/C3=CC=NC=C3)/C#N,Inactive,0,,,,,,,,,,7,7.72,260.5,262.4,258.2,261.9,261.6,252.7,245.5,245.6,240.4
751,22416930,2886337,CC(C)C(=O)N1CCN(CC1)C2=C(C=C(C=C2)[N+](=O)[O-])Cl,Inactive,0,,,,,,,,,,7,-4.69,262.4,268.2,268.2,272.8,271.2,275,270.2,264.9,274.7
752,24795214,9587658,C1CCC(C1)CCC(=O)O/N=C(/C2=CC=NC=C2)\N,Inactive,0,,,,,,,,,,7,-1.14,237.6,241.8,246.9,237.1,233.5,237.1,234.7,239.6,240.3
753,24814635,6618954,CCOC(=O)N1CCC(CC1)C2=CC(=O)N(N2)C3=CC=CC=C3,Inactive,0,,,,,,,,,,7,2.88,229.1,227.5,227.7,234.7,225.1,233.4,229,232.8,222.5
754,24793396,893054,CCOC(=O)C1=NN(C(=C1N)C#N)C2=CC=CC=C2,Inactive,0,,,,,,,,,,7,1.29,225.5,223.8,225.9,217.5,227,227.9,223,223.5,222.6
755,24796254,2184268,CN(CCCOC1=CC=CC=C1Br)CC2=CC=CC=C2,Inactive,0,,,,,,,,,,7,-2.48,262.4,256.6,267.4,259.1,259.2,263.2,258.7,268.4,268.9
756,22415620,709438,CCSC1=NC=NC2=C1C(=C(S2)C)C,Inactive,0,,,,,,,,,,7,-3.94,248.6,246.2,251.6,246.9,252.1,248.7,255.8,247.5,258.4
757,22416093,855082,CCNC(=S)NC1=CC=C(C=C1)OCC,Inactive,0,,,,,,,,,,7,-0.87,230.4,233.7,245.5,233.9,231.7,227.7,241.8,233.8,232.4
758,24793999,2242388,C1CCC(CC1)NCC2=C(C=CC(=C2)Br)OCC(=O)NCCC3=CC=CC=C3,Inactive,0,,,,,,,,,,7,-2.16,259.7,256.4,256.2,253.1,270.2,261.9,265.4,270,265.3
759,22404159,2887947,C1CN(CCN1C2=CC=CC=N2)C(=O)CCC3=CC=CC=C3,Inactive,0,,,,,,,,,,7,1.38,239.3,239,243,244.7,238.9,245.1,237.3,244.2,236
760,22403208,882992,CC1=CC(=C(N1C2=CC=CC(=C2)C(=O)OC)C)C=O,Inactive,0,,,,,,,,,,7,-1.77,248.9,250.5,256.1,252.2,251.2,246.7,254.9,251.6,253.3
761,22416109,617444,C1=CC=C(C=C1)C2=NNC3=C2C=C(C=C3)[N+](=O)[O-],Inactive,0,,,,,,,,,,7,-2.25,217.7,220.8,219.8,213.5,226.6,225.2,222.4,227,222.6
762,24792275,5727615,C1CN(CCN1C2=CC=CC=C2)/N=C/C(=C/C3=CC=CC=C3)/Br,Inactive,0,,,,,,,,,,7,-0.98,246.1,248.8,255.7,252.5,255.8,256.6,241.6,250,248.5
763,24792251,5344786,C1=CC(=CC=C1/C=N\N/C(=N/N=C\C2=CC=C(C=C2)Br)/N)Br.Cl,Inactive,0,,,,,,,,,,7,-2.34,222.3,228.2,222.1,224.9,220,226.4,227,224.2,227.5
764,22415845,898452,C1=CC(=C(C(=C1)Cl)/C=C/C(=O)NC2=CC=NC=C2)F,Inactive,0,,,,,,,,,,7,-4.01,234.4,233.2,244.8,240.1,240.2,236.5,233.9,238.6,243.8
765,24786480,2895217,CC1CCN(CC1)C2(C3=C(C=CC(=C3)Br)NC2=O)O,Inactive,0,,,,,,,,,,7,-5.94,242.4,254.6,251.3,241.8,263.9,251.3,256,251.4,256.8
766,24823302,330590,C1=CC=C(C(=C1)C(=O)O)NSC2=CC=CC=C2[N+](=O)[O-],Inactive,0,,,,,,,,,,7,3.35,226.8,228.5,224.7,234.7,234.7,230.6,234.1,233.8,219.2
767,24815812,7217790,C1=CC(=CC(=C1)NC(=O)C2=CC=CO2)C3=NN4C=NN=C4C=C3,Inactive,0,,,,,,,,,,7,10.07,231.4,245.4,241.1,242.6,241.5,240,236.9,222,208.1
768,24816475,7531835,CSC1=NN=C2N1N=C(C=C2)C3=CC=CS3,Inactive,0,,,,,,,,,,7,7.16,245.7,236.7,228.1,241.3,244.7,232.6,239.5,244.3,228.1
769,24814509,5856637,COC1=C(C=CC(=C1)/C=C/2\C(=O)N(C(=O)N2)CC3=CC=CC=C3F)O,Inactive,0,,,,,,,,,,7,0.81,248.2,241.4,238.9,247,240.4,246.6,242.6,249.2,246.2
770,24813156,5981014,COC1=CC(=CC(=C1O)OC)/C=C/2\C(=O)N(C(=O)N2)CC3=CC=CC=C3F,Inactive,0,,,,,,,,,,7,-7.24,215.6,223.6,222.7,238.9,231.3,227.6,226.6,225.3,231.2
771,24814491,5068396,CS(=O)(=O)NN1C(NC2=CC=CC=C2C1=O)C3=CC=CC=C3,Inactive,0,,,,,,,,,,7,2.43,238.6,227.8,236.9,231.1,226.9,232,233.9,235.4,232.8
772,24823866,470958,C1=CC=C2C(=C1)C(=O)C(=C(C2=O)Cl)NC3=CC=CC(=C3)C(=O)O,Inactive,0,,,,,,,,,,7,-2.01,268.5,273.7,279.7,274.5,271.5,269,277.6,276.3,273.9
773,24798080,2171457,CN1C(=O)/C(=C\C2=C(C(=CC=C2)OC)OCC3=CC=C(C=C3)C(=O)O)/SC1=O,Inactive,0,,,,,,,,,,7,2.7,233.7,234.9,235.4,237.8,235.1,232.1,227,234.2,227.4
774,24820327,1471639,C1=CC(=CC(=C1)N=C2C(=NSS2)Cl)C#N,Inactive,0,,,,,,,,,,7,5.08,222.6,220.8,223.2,228.2,229.7,221.6,224.5,215.2,211.3
775,22400475,86261486,COC1=CC=CC(=C1O)/C=N/NC(=O)C2=CC3=C(S2)C=CC(=C3)[N+](=O)[O-],Inactive,0,,,,,,,,,,7,8.93,215.1,214.3,213.2,218.9,207.9,210.9,195.9,0,0
776,22405159,5846425,CCN\1C=CC=C/C1=C\C=C\2/C(=O)N(C(=S)S2)CC,Inactive,0,,,,,,,,,,7,1.92,250.3,250,259.7,252.1,251.9,251.7,249.6,244,245.5
777,22413613,1238007,CC1=NC2=CC=CC=C2N1CSC3=CC=CC=C3,Inactive,0,,,,,,,,,,7,2.48,229.4,234.2,229.9,214.4,230.8,223.3,230,234.6,223.7
778,22412645,4295044,CCOC1=C(C(=CC(=C1)CNC2=CC=C(C=C2)N3CCCCC3)Br)OCC(=O)NC(C)(C)C,Inactive,0,,,,,,,,,,7,-0.26,234.9,235.3,242.8,237.9,237.3,238.9,233.5,236.8,235.5
779,22413359,779525,CCC1=CC=C(C=C1)NC(=O)CC2=CC=C(C=C2)OC,Inactive,0,,,,,,,,,,7,-1.36,227.4,226.1,234.4,238.5,232.3,228.6,234.7,234.3,230.5
780,22404983,7314643,CCNC1=CC=C(C=C(C1=O)C(=O)/C=C/C2=CC=C(C=C2)OCC)Br,Inactive,0,,,,,,,,,,7,28.15,255.8,264.7,255.8,252.9,254.5,249.6,245,203,183.8
781,22413133,843847,CC1=C(C=CO1)C(=O)NNC(=S)NCC2=CC=CC=C2,Inactive,0,,,,,,,,,,7,-8.42,230.5,230.4,239.9,230.2,238.8,244.1,259.3,247.3,249.9
782,24804422,921149,C1=COC(=C1)C(=O)NC2=NN=C(S2)COC3=CC=C(C=C3)Cl,Inactive,0,,,,,,,,,,7,-3.05,255.4,257,265,259.8,260.4,263.8,271.5,253.4,263.2
783,24780846,1071335,CC1=C(SC(=C1C(=O)N)NC(=O)CCC(=O)OC)CC2=CC=CC=C2,Inactive,0,,,,,,,,,,7,-1.31,243.9,240.6,242.5,232.5,238.1,234.8,243.7,243,247.1
784,24786986,786458,CC1=CC=C(C=C1)NC2=NC(=CS2)C,Inactive,0,,,,,,,,,,7,2.78,248,237.2,245,243.5,246.5,243.9,243,244.4,241.1
785,24820941,1469472,CC1=NC2=C(N1C3CCN(CC3)C(=O)C4=C(C=CC=C4F)F)C=CC(=C2)F,Inactive,0,,,,,,,,,,7,-2.5,223.6,237.3,225,226.4,226.4,221.8,233.3,233.7,229.2
786,24809425,6896913,COC(=O)C1=CC=C(C=C1)/C=N/NC(=O)CC(=O)NCC2=CN=CC=C2,Inactive,0,,,,,,,,,,7,-1.74,252.8,247,254.5,251.4,253.4,260.7,254.9,245.7,257.2
787,24805346,6876207,CCOC1=C(C=CC(=C1)/C=N/NC(=O)N)OCC(=O)NC2=CC(=C(C=C2)C)C,Inactive,0,,,,,,,,,,7,8.37,251,255.5,249.4,249.4,250.5,258.6,248.5,251.1,230
788,24809589,4915707,COC1=C(C=C(C=C1)S(=O)(=O)NCCOC2=CC=CC3=C2N=CC=C3)OC,Inactive,0,,,,,,,,,,7,-4.54,235.8,246.7,240.8,252.2,245.3,242.8,236.5,241.2,246.5
789,24780700,856230,C1=CC=C2C(=C1)N=CN2CC3=NN=C(O3)SCC(=O)N,Inactive,0,,,,,,,,,,7,-0.12,251.6,255.3,245.8,252.4,257.3,247.4,254.9,255.7,251.9
790,24804923,1435024,C1CN(CCC1CC2=CC=CC=C2)C(=O)CN3C(=NOC3=O)C4=CC=CC=C4,Inactive,0,,,,,,,,,,7,-1.76,261.7,265,264.6,261.8,262.6,256.6,250.1,262.3,266.3
791,24804594,851542,COC1=C(C(=CC(=C1)CNC2=CC=C(C=C2)N3CCCC3)Cl)OC,Inactive,0,,,,,,,,,,7,26.12,253.4,240.2,239.4,243.6,234.3,237.4,207.6,203,187.2
792,24787410,4970705,CN1C2=C(C=C(C=C2)NC(=O)C3=CC=CS3)N=C1CCNC(=O)C4CCCCC4,Inactive,0,,,,,,,,,,7,4.49,234,231.5,228.7,236.7,228,230.3,227.5,240.4,223.5
793,24809088,1477845,C1=CC(=CC(=C1)N)C2=CN3C=CC=NC3=N2,Inactive,0,,,,,,,,,,7,2.85,231.2,238.7,236.7,231.1,225.1,236.3,231.8,217.9,224.6
794,24818935,3845234,C1=CC=C(C=C1)NC(=O)NC2=CC3=C(C=C2)N=CO3,Inactive,0,,,,,,,,,,7,2.22,251.9,255.6,256.1,248.7,256.6,258.8,250.4,249.2,246.3
795,24817837,1478035,CC1=CC=C(C=C1)C(=O)NNC(=O)C2=CC3=C(C=C2)N=CC=C3,Inactive,0,,,,,,,,,,7,-1.47,217.5,219.4,220.2,225.3,218.6,219.7,220.7,219.3,220.7
796,24820253,3748085,CC1=C(SC(=N1)C2=CC=CC=N2)C(=O)NC,Inactive,0,,,,,,,,,,7,2.62,256.2,254.7,260.3,255.7,251.3,255.8,252.5,256.3,249.5
797,17515462,5150911,CC1=CC(=C(C=C1)C)OC2=NC=NC(=C2[N+](=O)[O-])N,Inactive,0,,,,,,,,,,7,-0.81,248,240.6,250.5,248.4,244.6,249.3,249.9,246.1,250
798,24822841,630988,CC(=O)NC1=CC=C(C=C1)NC2=C(C(=O)C3=CC=CC=C3C2=O)Cl,Inactive,0,,,,,,,,,,7,6.68,235.1,232.5,236.8,230.7,229.6,230.7,231,235.5,219.4
799,17515838,12006175,COC1=CC=C(C=C1)N2CCN(CC2)C(CNS(=O)(=O)C3=CC4=C(C=C3)OCCO4)C5=CC=CO5,Inactive,0,,,,,,,,,,7,-1.99,246.4,249,254.7,253.9,252.7,252.2,250.1,248.4,251.3
800,17514774,12005891,COC1=CC=CC(=C1)N2CC(CC2=O)C(=O)NC3=NN=C(S3)SCC(=O)C4=CC=CC=C4,Inactive,0,,,,,,,,,,7,-3.17,255.2,246.8,252.4,251.8,259,255.9,253.4,256.9,263.3
801,24809849,16192986,CCN\1C2=C(C=C(C=C2)C)S/C1=C\C3=[N+](C4=C(C=C(C=C4C=C3)C)C)CC.[I-],Inactive,0,,,,,,,,,,7,-23.52,236.8,229.5,242,237.4,235.4,233.9,186.7,114.4,292.5
802,24810216,16193034,CCN\1C2=C(C=C(C(=C2)C)C)S/C1=C/C3=[N+](C4=C(C=C3)C=C(C=C4)C)CC.[I-],Inactive,0,,,,,,,,,,7,-32.54,238.8,232.4,242,233.6,233.3,234.8,222.1,171.1,316.5
803,24811994,5456796,C=CCN1C(=O)/C(=C/C2=CSC=C2)/SC1=S,Inactive,0,,,,,,,,,,7,-0.13,236.7,235.8,237.4,231.9,241.5,236.1,225.3,241.5,237
804,24811307,483860,C1=CC=C(C=C1)N=C2C(=NSS2)Cl,Inactive,0,,,,,,,,,,7,0.94,256.2,257.5,271.2,260.2,274.6,269.4,281.4,275.2,253.8
805,24781926,4077604,C1CC(OC1)CNC(=O)C2=CC3=C(C=C2)C(=O)N(C(=S)N3)C4=CC=C(C=C4)F,Inactive,0,,,,,,,,,,7,0.35,256.6,258.2,256.6,255.9,255.7,258.3,254.2,259,255.7
806,24813393,2135732,COC1=CC=C(C=C1)N2C=C(NC2=S)C3=CC(=C(C=C3)OC)OC,Inactive,0,,,,,,,,,,7,3.81,267.9,270.4,269.3,280.4,266.3,262.7,257.6,260.4,257.7
807,24812945,2135733,CCOC1=CC=C(C=C1)N2C=C(NC2=S)C3=CC(=C(C=C3)OC)OC,Inactive,0,,,,,,,,,,7,-0.04,228.4,226.4,228.6,226.7,220,226.3,221.9,219.3,228.5
808,24810253,16193043,CCN1CCN(CC1)C2=NC3=C(C=C(C=C3)NC(=S)N4CCN(CC4)C5=CC=CC=C5)C(=C2)C,Inactive,0,,,,,,,,,,7,-0.59,254.5,261.8,268.9,263.7,273.9,280.7,261.9,264.1,256
809,24810555,16193138,CCN1CCN(CC1)C2=NC3=C(C=C(C=C3)NC(=S)N4CCCCC4)C(=C2)C,Inactive,0,,,,,,,,,,7,0.65,230.2,225.7,217.6,224.1,227.3,225.7,219.1,228.7,228.7
810,24810441,4306096,CC1=CC(=NC2=C1C=C(C=C2)NC(=S)N3CCC4(CC3)OCCO4)N5CCN(CC5)C,Inactive,0,,,,,,,,,,7,0.8,264.1,257.8,264.1,264.5,265.2,259.2,261.1,261.3,262
811,24810590,6621529,CC1=CC(=NC2=C1C=C(C=C2)NC(=S)N3CCCCC3)N4CCN(CC4)C,Inactive,0,,,,,,,,,,7,5.38,249.3,254.2,255,266.2,248.1,235.8,242.3,253,235.9
812,24797991,16189904,C1CCC2=C(C1)N=C(S2)CN3CCN(C(C3)CCO)CC4=CSC=C4,Inactive,0,,,,,,,,,,7,2.45,244.7,244.5,238.6,244.2,247.6,253.7,238.1,250.2,238.7
813,24798337,16190008,COCC1=C(C=CC(=C1)CN2CCCC(C2)CNC(=O)C3=CC=C(C=C3)F)OC,Inactive,0,,,,,,,,,,7,0.09,232.2,237.6,233.2,229.1,230.7,231.8,233.1,225.9,232
814,24798336,16190007,CN1C(=O)CCC(=N1)C(=O)N2CCCC(C2)C(=O)C3=CC(=CC=C3)C(F)(F)F,Inactive,0,,,,,,,,,,7,-0.46,258.4,257.3,258.7,249.5,252.4,254,252.7,253.7,259.6
815,24784763,16188517,CC(C)CCN1CCN(CC1CCO)CC2=CC=CC3=C2N=CC=C3,Inactive,0,,,,,,,,,,7,-3.84,239.5,235.5,238.8,238.5,242.1,240.5,236.3,253.3,248.7
816,24785192,16188722,CN(CC1COCCO1)CC2=C(NN=C2)C3=C(C=C(C=C3)OC)OC,Inactive,0,,,,,,,,,,7,2.82,247.8,243.6,246.4,242.6,246.1,248.6,256.8,240.9,240.8
817,24837005,2102546,COC1=CC=C(C=C1)N2CCN(CC2)C(=O)C3=CC(=O)NC4=CC=CC=C43,Inactive,0,,,,,,,,,,7,0.46,237.4,239.6,243.8,244.8,238.1,249.5,250.3,242.7,236.3
818,24833595,2110224,CN(C1=CC=CC=C1OC)S(=O)(=O)C2=CC=C(C=C2)C(=O)OCC(=O)N,Inactive,0,,,,,,,,,,7,3.74,248.4,242,249.3,240.3,242.3,247.9,244,249.8,239.1
819,24821442,821089,C1=CN2C=C(N=C2N=C1)C3=CC=C(C=C3)N,Inactive,0,,,,,,,,,,7,-1.07,242.1,241,242.4,244.7,245.4,250.8,243.8,240.7,244.7
820,24825948,2446277,CC1=C(N=C(S1)NC(=O)CN2C=NN=N2)C3=CC=C(C=C3)Cl,Inactive,0,,,,,,,,,,7,1.77,232,228.7,226.1,234.1,230,231.6,228.3,226.4,227.9
821,24781495,16187545,CN(CCC1=CC=CC=N1)C(=O)CCC2CCCN(C2)C(=O)NC3CCCCC3,Inactive,0,,,,,,,,,,7,1.58,247.3,252,248.8,249.1,249.1,251.2,252.4,249.1,243.4
822,24833953,4158429,COC1=C(C=C(C=C1)NC(=O)COC2=NC=NC3=CC=CC=C32)S(=O)(=O)N4CCOCC4,Inactive,0,,,,,,,,,,7,5.64,259,248.2,244,255.5,246.2,262.1,251.4,249.3,244.4
823,24834137,16196665,CC(C)(C)OC(=O)[C@H](CCCCNC(=O)OC(C)(C)C)NC(=O)C1=C(NC=N1)C(=O)N(C)CC2=CC=CC=C2,Inactive,0,,,,,,,,,,7,-3.09,248.9,254.2,250.8,248.6,258.2,260.8,261.2,251.8,256.6
824,24797035,1172852,CCOC1=CC(=C(C=C1NC(=O)C2=CC=C(C=C2)OC)OCC)NC(=S)NC,Inactive,0,,,,,,,,,,7,-1.7,258.7,256.2,266.1,253.4,259.1,264.1,257.3,256.4,263.1
825,22416629,944649,CSC1=NNC2=NC3=C(C(=O)N21)C4(CCCC4)CC5=CC=CC=C53,Inactive,0,,,,,,,,,,7,6.34,244.3,239,244.8,229.5,241,240.9,240.6,234.4,228.8
826,24814469,16194369,CCCCC(C(CC1=CC=C(C=C1)F)N)C(=O)OCC.Cl,Inactive,0,,,,,,,,,,7,-1.56,243.9,245.8,250.1,243.2,248.8,257.1,235.3,240.1,247.7
827,24832329,4965141,CN(CC(=O)NC1=CC=C(C=C1)N2CCOCC2)CC(=O)NC3=CC=CC=C3SC,Inactive,0,,,,,,,,,,7,-3.25,221.8,235,234.5,230,230.3,230.4,232.8,228.3,229
828,24835659,2492710,CCOC(=O)C1=CC=C(C=C1)NC(=O)CSCCC(=O)O,Inactive,0,,,,,,,,,,7,0.82,256.7,252.9,260,258.2,264,262.3,251.2,258.5,254.6
829,24835707,6216001,CC1=NN(C(=C1)N/C(=N/S(=O)(=O)C2=C(C=CC(=C2)F)F)/C3=CC=CC=C3)C4=CC=CC=C4,Inactive,0,,,,,,,,,,7,-3.31,226.3,224.9,237,226.4,231.3,228,229.7,233.4,233.8
830,24837355,4407278,CC1=C(C=C(C=C1)S(=O)(=O)N2CCCCC2)NC(=O)COC(=O)C3=CC=CC=C3F,Inactive,0,,,,,,,,,,7,-5.15,266.2,264.2,268.9,267.1,263.6,262.7,275.4,262.5,279.9
831,24831671,5107205,C1CN(CCN1C2=CC=CC=C2F)C(=O)C3=CC(=O)C4=CC=CC=C4O3,Inactive,0,,,,,,,,,,7,0.09,233,232.1,233.7,228.5,234.3,228.5,236.9,229.4,232.8
832,24835166,2558556,CN(CC1=CC=CS1)C(=O)CCC2=CNC3=CC=CC=C32,Inactive,0,,,,,,,,,,7,6.66,247.8,243.2,244.1,242.7,235.5,244.2,236.1,243.8,231.3
833,24835824,4961574,COC1=CC=CC=C1N2C(=CNC2=S)C3=CC=C(C=C3)Cl,Inactive,0,,,,,,,,,,7,8.37,225.7,222.7,227.7,234.5,227.9,219.5,215.3,210.3,206.8
834,24824101,81124,C1=CC=C(C=C1)NC2=CC(=O)C3=CC=CC=C3C2=O,Inactive,0,,,,,,,,,,7,1.36,257.2,263.8,258.5,261.7,256.6,259.7,265.3,251.6,253.7
